,+50%,+100%,+200%,-50%,Original masks,+700%
0,1730,1700,1684,1734,1738,1645
1,1769,1754,1745,1775,1776,1720
2,1757,1734,1724,1763,1762,1702
3,1702,1683,1683,1716,1717,1664
4,1635,1621,1628,1645,1645,1612
5,1570,1545,1540,1574,1576,1516
6,1539,1522,1500,1545,1547,1461
7,1533,1516,1498,1554,1556,1463
8,1431,1424,1417,1436,1438,1391
9,1328,1311,1288,1331,1332,1260
10,1184,1184,1167,1185,1186,1102
11,1221,1217,1211,1214,1221,1195
12,1283,1280,1262,1282,1284,1241
13,1287,1280,1257,1279,1287,1238
14,1271,1271,1249,1274,1270,1196
15,1273,1269,1264,1272,1270,1204
16,1251,1246,1236,1249,1251,1196
17,1213,1210,1207,1216,1214,1183
18,1203,1203,1219,1203,1207,1176
19,1199,1199,1207,1201,1199,1163
20,1350,1464,1349,1441,1481,1371
21,1364,1527,1352,1463,1513,1375
22,1327,1509,1302,1425,1490,1327
23,1354,1519,1352,1395,1445,1327
24,1348,1481,1355,1400,1430,1337
25,1353,1513,1332,1338,1361,1291
26,1299,1442,1290,1291,1294,1260
27,1251,1428,1256,1243,1261,1178
28,1102,1383,1088,1113,1173,1010
29,1004,1333,970,1040,1085,927
30,1349,1343,1329,1409,1378,1295
31,1348,1340,1324,1419,1401,1267
32,1390,1384,1349,1440,1422,1295
33,1452,1447,1419,1512,1495,1379
34,1394,1388,1380,1451,1439,1349
35,1313,1304,1291,1382,1350,1228
36,1289,1275,1258,1353,1336,1219
37,1301,1284,1272,1344,1331,1184
38,1292,1278,1286,1351,1332,1241
39,1252,1232,1242,1314,1297,1245
40,1256,1256,1212,1281,1231,1187
41,1281,1276,1252,1305,1259,1215
42,1273,1271,1228,1312,1241,1188
43,1302,1303,1283,1328,1290,1254
44,1268,1270,1251,1278,1257,1226
45,1187,1183,1162,1203,1174,1138
46,1183,1182,1174,1190,1180,1141
47,1139,1139,1131,1158,1124,1126
48,1151,1149,1123,1164,1128,1113
49,1134,1132,1117,1155,1119,1085
50,1173,1228,1228,1202,1300,1175
51,1185,1241,1238,1201,1301,1189
52,1253,1293,1293,1271,1378,1255
53,1287,1299,1301,1286,1373,1281
54,1338,1351,1350,1335,1432,1341
55,1345,1373,1374,1356,1463,1346
56,1329,1376,1375,1344,1418,1334
57,1276,1299,1295,1291,1321,1270
58,1218,1234,1233,1232,1252,1230
59,1173,1192,1193,1181,1261,1175
60,1342,1329,1326,1282,1369,1282
61,1360,1353,1335,1312,1401,1311
62,1368,1355,1327,1309,1410,1311
63,1446,1427,1385,1334,1457,1331
64,1445,1421,1391,1345,1480,1342
65,1475,1469,1464,1423,1508,1424
66,1448,1452,1461,1454,1475,1454
67,1433,1432,1423,1428,1461,1427
68,1360,1350,1370,1350,1411,1350
69,1306,1292,1292,1280,1337,1280
70,1748,1733,1739,1745,1755,1703
71,1739,1735,1738,1739,1757,1678
72,1731,1716,1702,1733,1759,1664
73,1676,1671,1664,1675,1694,1606
74,1630,1611,1614,1632,1635,1563
75,1583,1570,1569,1588,1603,1544
76,1507,1498,1488,1513,1528,1457
77,1420,1404,1394,1421,1431,1347
78,1291,1282,1274,1293,1310,1219
79,1171,1155,1143,1170,1180,1084
80,1433,1429,1410,1423,1455,1403
81,1542,1539,1527,1537,1555,1472
82,1582,1557,1546,1558,1594,1481
83,1610,1607,1599,1602,1614,1508
84,1520,1512,1488,1507,1531,1478
85,1443,1432,1412,1432,1452,1434
86,1397,1386,1383,1385,1403,1371
87,1440,1429,1423,1427,1440,1395
88,1435,1411,1405,1411,1449,1399
89,1264,1254,1235,1254,1278,1222
90,1371,1386,1358,1392,1395,1312
91,1379,1397,1372,1409,1406,1322
92,1414,1422,1401,1426,1434,1341
93,1373,1392,1348,1406,1412,1277
94,1355,1373,1340,1379,1379,1258
95,1288,1309,1271,1323,1325,1215
96,1207,1212,1203,1225,1226,1170
97,1186,1194,1180,1199,1200,1147
98,1187,1198,1183,1207,1207,1156
99,1170,1188,1167,1196,1197,1126
100,1345,1329,1310,1359,1347,1278
101,1373,1355,1341,1400,1377,1306
102,1437,1443,1413,1469,1452,1354
103,1495,1495,1473,1504,1500,1419
104,1483,1470,1462,1480,1478,1408
105,1445,1437,1424,1453,1442,1369
106,1385,1385,1390,1392,1387,1369
107,1389,1368,1351,1406,1392,1318
108,1303,1303,1287,1332,1314,1240
109,1220,1213,1209,1239,1225,1174
110,1449,1421,1401,1424,1424,1381
111,1485,1435,1412,1442,1445,1386
112,1531,1499,1460,1510,1509,1446
113,1573,1546,1515,1552,1549,1502
114,1574,1543,1534,1553,1549,1520
115,1498,1480,1467,1484,1489,1455
116,1429,1418,1394,1419,1418,1379
117,1388,1371,1357,1373,1372,1323
118,1425,1390,1358,1405,1406,1326
119,1358,1318,1293,1325,1329,1254
120,1440,1422,1391,1460,1439,1318
121,1512,1489,1468,1541,1514,1417
122,1561,1546,1519,1578,1559,1467
123,1560,1545,1515,1579,1565,1467
124,1504,1490,1469,1528,1509,1418
125,1405,1389,1364,1436,1406,1356
126,1427,1411,1383,1437,1425,1371
127,1466,1456,1426,1487,1468,1406
128,1371,1354,1322,1381,1373,1301
129,1265,1249,1204,1285,1269,1177
130,1493,1479,1451,1490,1502,1447
131,1518,1510,1511,1523,1534,1450
132,1586,1570,1544,1584,1597,1492
133,1639,1615,1587,1631,1661,1541
134,1638,1614,1585,1633,1646,1536
135,1578,1572,1549,1577,1586,1528
136,1576,1550,1539,1572,1579,1528
137,1526,1518,1500,1527,1536,1484
138,1454,1439,1422,1453,1461,1409
139,1381,1367,1340,1383,1390,1341
140,1439,1424,1417,1466,1472,1410
141,1494,1486,1475,1518,1519,1468
142,1511,1491,1482,1524,1528,1478
143,1425,1403,1386,1459,1467,1369
144,1340,1329,1322,1373,1380,1337
145,1293,1283,1281,1316,1323,1268
146,1312,1296,1277,1335,1338,1279
147,1276,1261,1246,1294,1297,1242
148,1166,1165,1164,1194,1203,1155
149,1072,1053,1041,1087,1103,1027
150,1311,1280,1304,1287,1349,1278
151,1369,1355,1365,1351,1401,1349
152,1406,1397,1401,1399,1453,1389
153,1455,1419,1453,1402,1475,1391
154,1375,1341,1372,1337,1415,1335
155,1312,1319,1310,1316,1338,1309
156,1291,1283,1290,1280,1319,1281
157,1285,1261,1282,1257,1312,1251
158,1275,1270,1275,1263,1320,1251
159,1125,1103,1122,1100,1174,1091
160,1730,1730,1697,1717,1737,1674
161,1706,1702,1680,1693,1713,1620
162,1688,1688,1679,1682,1700,1629
163,1679,1674,1656,1661,1684,1614
164,1622,1622,1598,1608,1618,1528
165,1605,1595,1580,1595,1601,1544
166,1594,1593,1560,1575,1593,1527
167,1516,1509,1478,1495,1528,1458
168,1411,1404,1382,1396,1412,1355
169,1313,1306,1287,1299,1326,1274
170,1747,1764,1771,1741,1752,1765
171,1789,1812,1810,1784,1802,1804
172,1779,1802,1807,1774,1789,1800
173,1753,1766,1770,1748,1743,1764
174,1702,1715,1712,1699,1701,1707
175,1642,1667,1675,1639,1651,1658
176,1612,1639,1643,1608,1632,1627
177,1535,1574,1578,1533,1549,1562
178,1435,1460,1466,1431,1444,1453
179,1313,1333,1335,1312,1325,1328
180,1658,1651,1640,1688,1662,1609
181,1647,1635,1635,1698,1658,1608
182,1593,1590,1588,1614,1596,1584
183,1555,1562,1564,1585,1573,1536
184,1445,1443,1440,1492,1478,1404
185,1443,1439,1436,1471,1442,1419
186,1461,1462,1456,1482,1466,1438
187,1428,1419,1413,1476,1453,1392
188,1324,1319,1313,1368,1350,1299
189,1255,1252,1244,1292,1280,1223
190,1723,1713,1933,1768,1731,1711
191,1712,1696,1900,1750,1720,1695
192,1691,1684,1881,1729,1711,1684
193,1642,1624,1853,1693,1660,1619
194,1532,1524,1753,1583,1557,1521
195,1561,1542,1743,1600,1572,1540
196,1508,1483,1684,1564,1536,1480
197,1436,1423,1594,1489,1466,1421
198,1339,1324,1538,1388,1353,1321
199,1184,1181,1411,1227,1207,1180
200,1469,1459,1446,1462,1477,1437
201,1535,1502,1483,1509,1545,1444
202,1531,1511,1499,1512,1544,1481
203,1486,1465,1471,1473,1498,1453
204,1404,1384,1396,1390,1420,1401
205,1325,1294,1317,1305,1332,1308
206,1320,1306,1303,1314,1328,1292
207,1261,1242,1235,1247,1265,1199
208,1157,1133,1139,1139,1158,1126
209,1056,1048,1030,1050,1064,986
210,1476,1474,1460,1475,1484,1419
211,1503,1498,1470,1510,1512,1436
212,1514,1516,1490,1521,1529,1474
213,1583,1584,1554,1586,1588,1553
214,1600,1596,1568,1603,1603,1538
215,1570,1569,1557,1572,1586,1522
216,1443,1435,1409,1449,1452,1402
217,1356,1349,1318,1357,1362,1349
218,1369,1368,1338,1373,1376,1330
219,1321,1316,1292,1330,1334,1276
220,1672,1671,1664,1701,1704,1654
221,1673,1669,1679,1675,1679,1650
222,1574,1569,1574,1556,1567,1549
223,1501,1495,1468,1517,1515,1433
224,1376,1363,1357,1383,1382,1326
225,1366,1356,1364,1363,1363,1333
226,1338,1335,1329,1330,1329,1310
227,1340,1344,1338,1343,1350,1314
228,1322,1314,1301,1321,1326,1291
229,1339,1335,1330,1337,1335,1308
230,1647,1614,1598,1647,1650,1579
231,1638,1617,1612,1640,1644,1585
232,1626,1607,1592,1629,1630,1563
233,1590,1575,1557,1593,1595,1529
234,1548,1516,1494,1549,1547,1465
235,1490,1469,1455,1494,1494,1438
236,1518,1496,1485,1516,1522,1446
237,1464,1448,1420,1463,1460,1413
238,1392,1374,1347,1395,1393,1333
239,1283,1269,1250,1288,1289,1231
240,1624,1623,1600,1641,1621,1581
241,1589,1584,1573,1596,1589,1557
242,1590,1585,1570,1596,1591,1536
243,1534,1533,1521,1525,1528,1497
244,1439,1426,1420,1456,1439,1404
245,1424,1422,1415,1458,1432,1393
246,1379,1376,1366,1417,1388,1350
247,1295,1289,1281,1337,1309,1268
248,1216,1211,1202,1255,1220,1192
249,1104,1103,1090,1146,1114,1073
250,1382,1381,1377,1397,1418,1369
251,1394,1393,1375,1408,1445,1386
252,1424,1424,1416,1445,1476,1378
253,1510,1510,1504,1517,1541,1474
254,1495,1489,1494,1500,1530,1464
255,1447,1447,1454,1459,1491,1491
256,1431,1430,1439,1441,1471,1434
257,1336,1336,1342,1346,1382,1296
258,1258,1258,1254,1255,1275,1191
259,1151,1153,1143,1170,1197,1094
260,1525,1468,1452,1453,1444,1425
261,1515,1485,1475,1480,1464,1451
262,1470,1449,1440,1440,1433,1419
263,1442,1407,1397,1397,1393,1383
264,1387,1362,1340,1342,1339,1329
265,1310,1286,1282,1283,1282,1278
266,1268,1246,1226,1227,1226,1217
267,1233,1192,1173,1184,1166,1159
268,1252,1208,1194,1204,1185,1161
269,1209,1164,1139,1155,1136,1130
270,1531,1503,1485,1544,1537,1480
271,1586,1552,1537,1602,1589,1482
272,1584,1553,1518,1609,1597,1508
273,1556,1533,1492,1562,1555,1462
274,1472,1425,1405,1478,1474,1393
275,1417,1373,1368,1423,1418,1368
276,1416,1370,1376,1425,1422,1382
277,1376,1335,1322,1388,1391,1319
278,1293,1260,1251,1300,1297,1215
279,1179,1129,1119,1194,1189,1124
280,1524,1504,1494,1551,1535,1473
281,1593,1571,1560,1605,1594,1547
282,1569,1558,1555,1594,1576,1539
283,1590,1571,1560,1620,1584,1552
284,1558,1551,1546,1577,1567,1520
285,1513,1501,1505,1542,1516,1475
286,1411,1410,1405,1434,1424,1369
287,1390,1385,1376,1402,1393,1345
288,1380,1366,1356,1387,1382,1350
289,1372,1360,1336,1399,1381,1324
290,1693,1689,1658,1637,1650,1622
291,1707,1700,1672,1653,1661,1637
292,1742,1740,1720,1693,1700,1680
293,1719,1717,1689,1673,1682,1670
294,1689,1685,1677,1662,1672,1641
295,1634,1628,1606,1586,1598,1580
296,1568,1562,1539,1519,1533,1517
297,1536,1535,1503,1482,1495,1467
298,1474,1471,1437,1409,1423,1390
299,1364,1360,1332,1302,1324,1293
300,1555,1535,1534,1567,1564,1520
301,1536,1526,1528,1538,1541,1521
302,1515,1510,1496,1526,1524,1471
303,1494,1477,1473,1510,1506,1473
304,1436,1420,1423,1449,1445,1406
305,1363,1354,1357,1370,1371,1345
306,1320,1308,1298,1326,1322,1310
307,1206,1201,1200,1223,1220,1215
308,1214,1202,1186,1229,1221,1178
309,1232,1218,1207,1243,1245,1188
310,1336,1318,1309,1352,1325,1266
311,1431,1416,1413,1434,1425,1366
312,1476,1461,1441,1486,1470,1374
313,1465,1451,1438,1474,1467,1401
314,1550,1517,1494,1558,1538,1438
315,1576,1562,1536,1584,1568,1476
316,1547,1521,1494,1557,1544,1446
317,1489,1476,1464,1501,1490,1454
318,1439,1426,1416,1445,1436,1409
319,1415,1400,1374,1422,1414,1367
320,1509,1472,1468,1487,1496,1482
321,1570,1556,1528,1560,1563,1523
322,1557,1553,1527,1557,1556,1506
323,1566,1551,1523,1556,1565,1462
324,1521,1500,1477,1510,1521,1423
325,1443,1439,1430,1444,1448,1382
326,1374,1354,1357,1366,1367,1351
327,1383,1368,1355,1376,1382,1335
328,1343,1302,1300,1325,1337,1273
329,1255,1216,1201,1235,1245,1161
330,1640,1634,1612,1645,1638,1598
331,1632,1625,1610,1641,1629,1605
332,1659,1654,1643,1662,1655,1634
333,1632,1629,1617,1642,1628,1595
334,1595,1593,1587,1602,1593,1584
335,1544,1536,1526,1546,1540,1513
336,1524,1518,1509,1528,1519,1505
337,1519,1511,1501,1526,1514,1483
338,1439,1431,1416,1445,1437,1395
339,1342,1338,1326,1343,1340,1305
340,1461,1444,1435,1437,1500,1438
341,1470,1468,1439,1412,1498,1419
342,1500,1475,1444,1405,1554,1407
343,1596,1582,1559,1511,1639,1519
344,1550,1559,1541,1519,1577,1522
345,1480,1484,1492,1487,1503,1489
346,1452,1476,1473,1469,1482,1467
347,1426,1440,1436,1412,1484,1421
348,1347,1356,1340,1327,1384,1326
349,1238,1241,1233,1200,1266,1206
350,1466,1466,1426,1456,1450,1379
351,1432,1431,1395,1428,1421,1368
352,1407,1407,1378,1404,1400,1357
353,1287,1292,1259,1283,1287,1237
354,1289,1290,1256,1282,1277,1222
355,1265,1267,1230,1257,1257,1202
356,1270,1273,1229,1266,1265,1193
357,1283,1284,1233,1279,1274,1214
358,1207,1206,1175,1203,1199,1161
359,1088,1091,1040,1084,1076,1018
360,1297,1290,1277,1298,1289,1234
361,1328,1319,1293,1329,1330,1248
362,1340,1329,1306,1354,1341,1286
363,1381,1365,1350,1381,1380,1310
364,1439,1422,1411,1449,1445,1347
365,1447,1431,1411,1463,1454,1344
366,1432,1426,1421,1435,1430,1390
367,1349,1349,1334,1358,1349,1327
368,1311,1301,1297,1317,1313,1283
369,1296,1285,1277,1305,1297,1275
370,1638,1619,1607,1645,1635,1547
371,1623,1604,1611,1639,1622,1560
372,1554,1547,1556,1562,1553,1495
373,1484,1470,1472,1496,1486,1451
374,1448,1430,1433,1461,1443,1412
375,1468,1449,1420,1478,1469,1390
376,1408,1381,1366,1419,1405,1352
377,1314,1304,1286,1323,1314,1261
378,1177,1146,1115,1182,1174,1105
379,1016,982,959,1024,1014,929
380,1385,1397,1381,1425,1442,1388
381,1421,1427,1418,1469,1477,1421
382,1469,1474,1462,1507,1513,1468
383,1517,1529,1515,1558,1567,1502
384,1448,1464,1447,1509,1510,1452
385,1421,1428,1415,1455,1446,1411
386,1266,1281,1266,1313,1320,1272
387,1248,1257,1250,1298,1292,1257
388,1234,1244,1235,1281,1284,1232
389,1256,1258,1253,1298,1313,1250
390,1297,1283,1251,1308,1315,1263
391,1330,1313,1302,1334,1336,1275
392,1375,1363,1321,1385,1384,1290
393,1392,1376,1354,1407,1411,1303
394,1421,1404,1382,1433,1437,1303
395,1451,1442,1421,1470,1472,1364
396,1447,1439,1411,1452,1453,1404
397,1461,1450,1434,1476,1474,1426
398,1501,1480,1459,1505,1505,1439
399,1395,1381,1366,1404,1408,1351
400,1390,1349,1367,1328,1416,1313
401,1434,1359,1386,1347,1457,1340
402,1475,1401,1417,1378,1499,1361
403,1507,1462,1485,1436,1541,1412
404,1514,1459,1489,1435,1533,1428
405,1494,1474,1485,1444,1498,1433
406,1444,1436,1450,1436,1473,1435
407,1411,1414,1424,1407,1446,1405
408,1361,1335,1347,1334,1395,1330
409,1271,1243,1267,1227,1305,1221
410,1490,1470,1472,1480,1529,1418
411,1482,1465,1461,1476,1510,1364
412,1462,1456,1467,1456,1495,1396
413,1454,1442,1455,1449,1464,1406
414,1403,1384,1394,1391,1435,1353
415,1356,1344,1362,1345,1406,1327
416,1301,1285,1299,1288,1327,1273
417,1188,1180,1202,1181,1221,1162
418,1096,1083,1100,1092,1119,1034
419,961,950,946,955,988,887
420,1555,1540,1533,1583,1572,1499
421,1520,1514,1487,1535,1530,1455
422,1490,1460,1441,1510,1510,1435
423,1410,1402,1379,1427,1423,1357
424,1335,1327,1303,1358,1351,1283
425,1307,1285,1269,1326,1320,1253
426,1274,1272,1256,1302,1283,1246
427,1279,1271,1246,1299,1292,1250
428,1209,1190,1168,1234,1224,1159
429,1091,1068,1057,1106,1101,1046
430,1444,1431,1369,1405,1444,1405
431,1468,1430,1380,1408,1468,1413
432,1515,1446,1410,1408,1515,1415
433,1535,1477,1429,1421,1535,1429
434,1488,1453,1409,1396,1488,1426
435,1453,1428,1391,1408,1453,1416
436,1393,1374,1355,1350,1393,1373
437,1355,1321,1310,1324,1355,1307
438,1288,1264,1207,1209,1287,1224
439,1209,1177,1065,1065,1209,1097
440,1645,1633,1626,1627,1689,1583
441,1679,1663,1636,1660,1715,1594
442,1674,1677,1665,1673,1698,1583
443,1557,1538,1515,1538,1582,1492
444,1481,1460,1449,1459,1523,1422
445,1572,1567,1572,1577,1610,1530
446,1517,1505,1492,1503,1560,1469
447,1425,1415,1411,1418,1476,1412
448,1314,1314,1310,1308,1365,1320
449,1201,1188,1179,1185,1257,1186
450,1435,1422,1408,1450,1447,1348
451,1371,1361,1345,1398,1385,1305
452,1331,1320,1293,1351,1338,1246
453,1264,1247,1255,1302,1284,1233
454,1260,1250,1242,1281,1272,1183
455,1252,1245,1218,1291,1285,1180
456,1148,1138,1152,1194,1176,1122
457,1049,1036,1038,1084,1074,987
458,932,920,911,962,951,838
459,803,788,769,848,835,699
460,1324,1309,1305,1331,1338,1262
461,1375,1341,1323,1377,1386,1276
462,1428,1400,1353,1430,1432,1291
463,1447,1419,1369,1454,1457,1309
464,1440,1402,1388,1447,1453,1337
465,1426,1398,1385,1428,1430,1355
466,1354,1344,1327,1359,1362,1318
467,1316,1300,1291,1320,1320,1279
468,1327,1311,1293,1334,1335,1217
469,1287,1261,1249,1292,1296,1211
470,1825,1823,1812,1827,1825,1803
471,1806,1811,1789,1814,1815,1780
472,1713,1717,1702,1725,1730,1687
473,1653,1651,1632,1649,1648,1612
474,1589,1581,1575,1567,1569,1574
475,1574,1568,1559,1552,1548,1553
476,1598,1585,1559,1595,1596,1562
477,1612,1614,1602,1615,1616,1579
478,1529,1528,1509,1553,1553,1506
479,1433,1429,1410,1450,1453,1395
480,1545,1539,1541,1551,1539,1542
481,1479,1481,1473,1495,1481,1477
482,1440,1449,1447,1461,1450,1449
483,1324,1333,1325,1351,1339,1330
484,1256,1269,1260,1290,1270,1268
485,1277,1283,1280,1284,1283,1280
486,1216,1229,1228,1236,1234,1228
487,1125,1129,1125,1140,1132,1126
488,1053,1064,1060,1069,1065,1061
489,917,931,923,947,932,930
490,1704,1697,1693,1722,1718,1634
491,1637,1632,1628,1665,1658,1569
492,1610,1596,1600,1632,1628,1578
493,1544,1540,1542,1575,1573,1497
494,1511,1499,1498,1560,1555,1486
495,1472,1465,1467,1507,1507,1434
496,1371,1363,1366,1421,1415,1329
497,1280,1275,1275,1318,1313,1228
498,1128,1127,1130,1177,1163,1081
499,970,963,949,1035,1024,900
500,1508,1499,1489,1507,1521,1473
501,1555,1550,1530,1557,1556,1504
502,1518,1501,1489,1514,1519,1403
503,1442,1433,1418,1448,1451,1341
504,1359,1345,1332,1356,1366,1293
505,1319,1318,1305,1322,1332,1298
506,1276,1263,1257,1284,1296,1245
507,1296,1285,1274,1301,1320,1257
508,1286,1280,1274,1289,1299,1245
509,1173,1159,1138,1177,1190,1092
510,1545,1543,1539,1579,1562,1521
511,1580,1569,1563,1616,1596,1553
512,1556,1553,1550,1580,1565,1537
513,1474,1463,1455,1504,1494,1444
514,1399,1389,1386,1421,1405,1381
515,1347,1335,1330,1386,1365,1348
516,1308,1299,1296,1354,1331,1296
517,1317,1308,1299,1356,1335,1294
518,1225,1216,1210,1279,1251,1217
519,1137,1132,1123,1197,1156,1130
520,1245,1234,1204,1268,1294,1170
521,1284,1261,1211,1298,1291,1164
522,1201,1181,1126,1212,1224,1103
523,1084,1068,1027,1094,1103,983
524,1069,1052,1047,1070,1082,1027
525,1140,1132,1140,1138,1147,1149
526,1170,1183,1180,1178,1170,1139
527,1209,1205,1178,1191,1208,1118
528,1209,1198,1146,1224,1229,1097
529,1136,1129,1105,1145,1163,1080
530,1581,1563,1559,1587,1597,1536
531,1530,1512,1499,1538,1540,1481
532,1501,1490,1466,1514,1526,1405
533,1456,1444,1422,1464,1474,1344
534,1451,1443,1444,1453,1453,1409
535,1422,1398,1396,1430,1434,1386
536,1450,1414,1390,1457,1463,1347
537,1349,1330,1311,1356,1359,1292
538,1238,1218,1197,1245,1267,1154
539,1069,1043,1035,1073,1079,975
540,1610,1550,1513,1549,1530,1509
541,1582,1535,1497,1530,1526,1438
542,1583,1535,1493,1539,1526,1440
543,1558,1515,1475,1518,1499,1389
544,1496,1440,1405,1439,1420,1327
545,1414,1364,1329,1364,1353,1283
546,1333,1280,1263,1285,1281,1236
547,1314,1252,1237,1253,1246,1202
548,1265,1220,1197,1220,1211,1179
549,1209,1158,1120,1159,1139,1064
550,1537,1518,1510,1520,1535,1513
551,1591,1575,1575,1574,1592,1535
552,1620,1625,1608,1622,1619,1538
553,1584,1589,1574,1587,1580,1542
554,1493,1496,1497,1496,1490,1455
555,1431,1429,1441,1430,1435,1413
556,1451,1441,1447,1443,1461,1428
557,1389,1366,1357,1365,1394,1327
558,1273,1259,1249,1258,1282,1230
559,1143,1123,1106,1117,1145,1088
560,1416,1422,1421,1422,1421,1410
561,1355,1366,1366,1362,1362,1350
562,1350,1341,1345,1339,1341,1336
563,1285,1285,1281,1284,1292,1270
564,1231,1231,1229,1231,1229,1225
565,1195,1196,1198,1196,1198,1197
566,1149,1151,1153,1151,1153,1144
567,1175,1186,1186,1186,1186,1165
568,1137,1145,1141,1144,1141,1128
569,1064,1072,1071,1072,1071,1052
570,1176,1166,1171,1163,1186,1124
571,1231,1225,1229,1227,1240,1185
572,1261,1249,1257,1245,1268,1210
573,1336,1326,1328,1323,1340,1270
574,1362,1355,1342,1343,1371,1282
575,1331,1321,1306,1318,1350,1236
576,1269,1264,1278,1261,1282,1201
577,1234,1228,1233,1226,1241,1184
578,1200,1195,1201,1192,1209,1182
579,1209,1209,1196,1200,1214,1135
580,1557,1557,1495,1679,1512,1459
581,1567,1567,1529,1649,1543,1478
582,1620,1628,1569,1680,1587,1514
583,1630,1632,1596,1718,1603,1564
584,1560,1558,1543,1645,1540,1545
585,1461,1462,1426,1558,1434,1428
586,1408,1409,1379,1500,1383,1387
587,1438,1440,1402,1523,1414,1400
588,1399,1399,1353,1498,1378,1327
589,1347,1350,1322,1454,1326,1292
590,1368,1338,1297,1300,1339,1302
591,1390,1364,1273,1273,1369,1302
592,1426,1412,1274,1278,1424,1288
593,1394,1369,1230,1222,1383,1246
594,1370,1349,1229,1234,1356,1239
595,1296,1277,1196,1202,1276,1211
596,1241,1226,1194,1195,1211,1184
597,1263,1219,1158,1154,1215,1145
598,1265,1226,1135,1130,1218,1118
599,1149,1105,1016,1023,1103,1027
600,1601,1621,1598,1599,1602,1488
601,1567,1588,1558,1562,1567,1462
602,1535,1561,1515,1528,1546,1447
603,1492,1508,1479,1494,1499,1453
604,1502,1532,1465,1500,1521,1458
605,1513,1539,1480,1513,1519,1436
606,1430,1472,1405,1429,1452,1369
607,1343,1387,1314,1339,1353,1293
608,1222,1278,1190,1220,1241,1170
609,1088,1126,1057,1086,1112,1000
610,1148,1131,1099,1150,1105,1053
611,1288,1293,1283,1312,1284,1251
612,1385,1378,1369,1419,1369,1341
613,1379,1374,1346,1401,1359,1311
614,1341,1316,1297,1368,1298,1270
615,1330,1315,1279,1358,1290,1235
616,1358,1355,1326,1363,1337,1256
617,1283,1273,1273,1288,1266,1246
618,1189,1188,1177,1202,1178,1145
619,1172,1171,1157,1198,1157,1131
620,1773,1768,1742,1789,1776,1736
621,1721,1710,1704,1738,1726,1692
622,1663,1658,1643,1662,1668,1597
623,1629,1619,1607,1645,1633,1580
624,1574,1560,1530,1577,1580,1485
625,1448,1432,1407,1479,1454,1393
626,1414,1412,1406,1444,1415,1382
627,1454,1442,1449,1490,1460,1435
628,1404,1394,1382,1430,1405,1383
629,1273,1267,1235,1304,1286,1223
630,1736,1724,1705,1749,1744,1693
631,1710,1709,1703,1724,1713,1678
632,1699,1678,1678,1717,1705,1640
633,1666,1663,1648,1688,1675,1620
634,1602,1606,1606,1627,1606,1557
635,1513,1499,1502,1534,1520,1456
636,1475,1465,1456,1503,1494,1425
637,1470,1457,1438,1495,1479,1411
638,1379,1369,1354,1408,1394,1315
639,1300,1282,1251,1315,1307,1221
640,1474,1461,1448,1490,1473,1444
641,1529,1515,1503,1554,1541,1495
642,1531,1516,1507,1552,1538,1506
643,1503,1498,1491,1529,1518,1480
644,1447,1448,1450,1453,1443,1441
645,1382,1378,1368,1387,1383,1362
646,1332,1326,1315,1357,1345,1307
647,1266,1262,1255,1292,1274,1246
648,1159,1168,1162,1194,1170,1148
649,1042,1044,1027,1068,1052,1012
650,1424,1397,1402,1440,1451,1392
651,1481,1471,1470,1499,1501,1458
652,1517,1501,1484,1548,1561,1477
653,1529,1513,1513,1537,1536,1501
654,1463,1458,1433,1466,1465,1404
655,1385,1370,1372,1385,1383,1350
656,1359,1350,1348,1379,1381,1352
657,1374,1365,1371,1387,1388,1374
658,1399,1384,1385,1424,1420,1364
659,1334,1311,1315,1355,1358,1309
660,1633,1603,1611,1670,1685,1619
661,1622,1578,1600,1650,1679,1605
662,1595,1534,1543,1644,1654,1553
663,1552,1478,1495,1601,1600,1509
664,1507,1450,1479,1548,1556,1483
665,1430,1364,1385,1475,1489,1392
666,1347,1285,1296,1382,1405,1302
667,1251,1204,1208,1310,1322,1220
668,1108,1065,1079,1176,1205,1090
669,991,917,943,1055,1086,958
670,1748,1744,1740,1699,1713,1704
671,1724,1723,1698,1659,1673,1667
672,1701,1703,1685,1630,1650,1640
673,1676,1675,1672,1646,1657,1654
674,1567,1565,1550,1523,1533,1531
675,1510,1510,1507,1470,1474,1472
676,1506,1506,1484,1463,1471,1466
677,1476,1475,1458,1428,1442,1437
678,1409,1405,1387,1362,1372,1365
679,1347,1346,1325,1306,1316,1313
680,1254,1290,1283,1312,1319,1243
681,1263,1323,1310,1331,1337,1260
682,1323,1345,1343,1339,1340,1308
683,1307,1354,1348,1372,1377,1295
684,1317,1348,1333,1352,1353,1295
685,1320,1364,1368,1374,1373,1288
686,1252,1283,1282,1293,1295,1215
687,1254,1276,1270,1278,1272,1247
688,1275,1293,1291,1299,1306,1264
689,1222,1247,1237,1274,1278,1201
690,1562,1564,1550,1560,1592,1528
691,1606,1608,1613,1611,1632,1599
692,1579,1580,1574,1578,1612,1562
693,1558,1560,1567,1563,1577,1555
694,1525,1523,1537,1532,1552,1510
695,1401,1393,1394,1392,1423,1360
696,1388,1395,1390,1389,1414,1372
697,1372,1372,1356,1362,1400,1347
698,1348,1348,1328,1342,1381,1298
699,1335,1333,1321,1324,1367,1304
700,1357,1362,1353,1394,1396,1321
701,1396,1411,1397,1450,1448,1388
702,1466,1476,1464,1509,1508,1399
703,1437,1461,1441,1503,1510,1355
704,1492,1507,1495,1533,1537,1401
705,1426,1432,1425,1476,1481,1364
706,1315,1324,1313,1343,1365,1293
707,1275,1280,1277,1307,1323,1280
708,1248,1244,1253,1294,1299,1259
709,1267,1284,1259,1321,1314,1232
710,1505,1494,1455,1537,1523,1449
711,1557,1541,1497,1588,1577,1485
712,1568,1565,1525,1606,1596,1508
713,1606,1600,1568,1642,1634,1512
714,1593,1575,1554,1619,1613,1500
715,1544,1535,1477,1563,1559,1487
716,1446,1440,1397,1484,1467,1457
717,1433,1423,1354,1466,1447,1389
718,1435,1421,1362,1469,1446,1360
719,1403,1394,1329,1442,1425,1370
720,1391,1410,1411,1428,1422,1410
721,1434,1451,1451,1473,1455,1451
722,1413,1435,1444,1472,1461,1434
723,1374,1385,1393,1420,1415,1384
724,1354,1372,1373,1399,1396,1368
725,1345,1349,1346,1348,1341,1347
726,1302,1310,1310,1311,1310,1310
727,1234,1229,1228,1239,1229,1230
728,1092,1099,1102,1120,1116,1099
729,993,996,998,1017,1013,997
730,1371,1357,1345,1338,1403,1334
731,1429,1423,1398,1393,1463,1401
732,1509,1492,1499,1483,1529,1436
733,1507,1487,1481,1475,1533,1438
734,1510,1501,1501,1498,1522,1443
735,1484,1479,1483,1485,1513,1435
736,1459,1464,1470,1471,1500,1460
737,1418,1411,1414,1415,1462,1386
738,1336,1331,1334,1336,1381,1296
739,1264,1251,1260,1261,1299,1226
740,1576,1575,1562,1547,1590,1527
741,1607,1598,1597,1581,1618,1562
742,1551,1555,1556,1536,1571,1502
743,1462,1463,1468,1461,1485,1453
744,1377,1378,1378,1369,1399,1358
745,1349,1348,1353,1345,1378,1335
746,1369,1371,1360,1351,1390,1354
747,1269,1270,1263,1263,1314,1252
748,1135,1136,1131,1124,1171,1125
749,1000,1001,1000,1003,1056,970
750,1548,1544,1543,1522,1564,1511
751,1533,1538,1536,1517,1559,1512
752,1520,1510,1506,1484,1545,1466
753,1455,1452,1453,1427,1483,1418
754,1386,1384,1384,1369,1405,1362
755,1359,1352,1348,1318,1396,1314
756,1319,1325,1322,1283,1347,1274
757,1243,1242,1238,1224,1271,1213
758,1148,1151,1152,1136,1176,1122
759,1031,1029,1029,1008,1065,1002
760,1518,1489,1479,1486,1540,1480
761,1555,1503,1484,1490,1571,1470
762,1551,1506,1463,1469,1574,1436
763,1468,1437,1414,1429,1496,1374
764,1403,1365,1342,1350,1413,1341
765,1358,1337,1331,1336,1387,1316
766,1386,1366,1342,1355,1400,1338
767,1404,1380,1360,1366,1424,1355
768,1284,1272,1235,1253,1315,1217
769,1155,1120,1093,1106,1184,1080
770,1535,1521,1503,1554,1542,1458
771,1514,1499,1480,1545,1513,1414
772,1484,1477,1460,1494,1479,1381
773,1415,1403,1394,1419,1406,1375
774,1353,1343,1328,1361,1346,1298
775,1355,1358,1337,1374,1371,1307
776,1287,1273,1249,1330,1316,1215
777,1212,1214,1200,1239,1229,1137
778,1131,1127,1118,1168,1145,1059
779,1028,1012,992,1057,1047,943
780,1603,1569,1580,1597,1624,1567
781,1588,1538,1511,1559,1607,1484
782,1527,1497,1471,1522,1570,1403
783,1473,1466,1455,1474,1509,1420
784,1410,1396,1380,1407,1430,1353
785,1388,1402,1382,1389,1404,1366
786,1414,1387,1367,1414,1443,1352
787,1346,1339,1325,1348,1376,1297
788,1267,1260,1235,1269,1299,1213
789,1108,1105,1084,1110,1160,1056
790,1501,1469,1454,1495,1519,1426
791,1510,1473,1465,1503,1529,1409
792,1510,1490,1479,1504,1521,1409
793,1474,1452,1448,1468,1484,1420
794,1415,1399,1404,1410,1417,1396
795,1338,1331,1330,1336,1344,1338
796,1328,1313,1312,1322,1338,1290
797,1295,1288,1289,1293,1310,1261
798,1220,1197,1191,1216,1233,1197
799,1134,1117,1117,1125,1140,1090
800,1606,1613,1596,1638,1612,1546
801,1605,1599,1587,1632,1620,1577
802,1581,1555,1554,1608,1593,1526
803,1504,1494,1488,1529,1510,1453
804,1410,1409,1376,1446,1424,1326
805,1385,1381,1358,1419,1405,1317
806,1425,1405,1379,1446,1439,1352
807,1405,1387,1369,1448,1431,1349
808,1327,1312,1304,1374,1362,1279
809,1247,1226,1213,1299,1271,1199
810,1540,1531,1540,1544,1544,1465
811,1517,1516,1508,1520,1519,1446
812,1492,1488,1457,1498,1499,1423
813,1448,1438,1421,1447,1446,1365
814,1419,1413,1387,1419,1420,1307
815,1319,1317,1310,1331,1334,1266
816,1322,1315,1307,1325,1326,1253
817,1287,1278,1276,1290,1290,1221
818,1258,1243,1253,1265,1265,1200
819,1165,1149,1163,1172,1172,1121
820,1574,1568,1565,1549,1550,1512
821,1566,1561,1554,1541,1541,1519
822,1568,1567,1561,1549,1548,1500
823,1513,1510,1513,1496,1494,1464
824,1423,1423,1421,1405,1407,1402
825,1410,1409,1412,1409,1409,1405
826,1428,1426,1427,1415,1417,1399
827,1362,1357,1355,1341,1348,1332
828,1269,1266,1264,1245,1247,1222
829,1132,1130,1124,1112,1111,1078
830,1271,1250,1240,1290,1268,1216
831,1297,1275,1264,1307,1287,1265
832,1282,1287,1252,1312,1276,1241
833,1315,1299,1278,1328,1311,1206
834,1235,1210,1199,1244,1223,1179
835,1136,1128,1121,1138,1129,1099
836,1078,1081,1077,1094,1077,1067
837,1091,1091,1086,1101,1088,1018
838,1091,1081,1072,1095,1085,1016
839,1073,1053,1032,1076,1069,989
840,1594,1591,1580,1613,1641,1576
841,1605,1601,1586,1618,1623,1577
842,1598,1596,1589,1614,1622,1584
843,1593,1586,1589,1605,1622,1582
844,1532,1531,1515,1537,1557,1514
845,1439,1438,1422,1446,1464,1425
846,1378,1378,1371,1387,1403,1357
847,1366,1359,1348,1384,1403,1338
848,1327,1323,1316,1341,1360,1311
849,1229,1225,1220,1243,1262,1221
850,1458,1457,1458,1476,1475,1445
851,1413,1409,1416,1448,1454,1408
852,1415,1412,1414,1443,1452,1404
853,1379,1373,1381,1410,1416,1372
854,1326,1324,1327,1346,1350,1321
855,1290,1288,1292,1319,1324,1282
856,1292,1287,1293,1320,1323,1281
857,1258,1254,1259,1286,1290,1249
858,1202,1200,1202,1218,1229,1197
859,1131,1123,1129,1146,1154,1114
860,1428,1420,1408,1417,1427,1369
861,1471,1462,1445,1459,1471,1410
862,1404,1397,1388,1394,1400,1348
863,1378,1362,1362,1358,1377,1318
864,1288,1284,1274,1276,1285,1229
865,1260,1262,1259,1263,1264,1240
866,1267,1257,1257,1255,1263,1245
867,1219,1205,1188,1200,1216,1152
868,1159,1149,1146,1148,1158,1102
869,1039,1022,1017,1027,1035,958
870,1274,1270,1266,1284,1295,1240
871,1303,1295,1287,1309,1316,1264
872,1312,1306,1286,1317,1344,1244
873,1377,1374,1330,1375,1397,1258
874,1381,1379,1373,1378,1376,1304
875,1294,1293,1296,1295,1293,1267
876,1269,1267,1273,1272,1274,1244
877,1256,1253,1248,1250,1253,1219
878,1251,1253,1244,1251,1250,1194
879,1171,1167,1155,1177,1188,1095
880,1332,1338,1340,1350,1347,1287
881,1379,1372,1376,1379,1373,1346
882,1403,1432,1442,1415,1415,1379
883,1374,1392,1407,1400,1382,1304
884,1483,1498,1514,1496,1493,1455
885,1512,1519,1526,1517,1507,1477
886,1437,1444,1459,1454,1434,1464
887,1360,1368,1381,1373,1365,1324
888,1328,1364,1373,1352,1341,1320
889,1310,1324,1332,1324,1321,1307
890,1781,1783,1775,1786,1789,1765
891,1800,1790,1788,1808,1811,1767
892,1784,1790,1791,1781,1790,1784
893,1732,1727,1717,1736,1740,1705
894,1672,1666,1662,1679,1679,1659
895,1602,1600,1597,1604,1609,1592
896,1542,1539,1534,1543,1548,1526
897,1534,1527,1514,1540,1546,1504
898,1514,1509,1503,1523,1531,1492
899,1447,1433,1418,1444,1450,1395
900,1419,1392,1370,1435,1434,1318
901,1436,1422,1396,1461,1457,1368
902,1465,1447,1415,1490,1480,1382
903,1540,1526,1474,1562,1554,1456
904,1511,1499,1473,1529,1524,1437
905,1502,1474,1439,1518,1520,1440
906,1432,1413,1385,1444,1438,1395
907,1421,1405,1354,1429,1429,1355
908,1406,1381,1365,1433,1420,1346
909,1365,1344,1306,1368,1369,1303
910,1585,1582,1566,1603,1607,1531
911,1590,1590,1573,1600,1612,1491
912,1570,1570,1548,1572,1579,1470
913,1481,1481,1470,1489,1492,1438
914,1400,1398,1390,1395,1403,1325
915,1311,1313,1298,1328,1322,1305
916,1314,1314,1311,1332,1334,1301
917,1308,1308,1291,1315,1318,1270
918,1211,1211,1200,1231,1239,1180
919,1095,1095,1079,1113,1115,1057
920,1296,1271,1259,1336,1331,1240
921,1373,1350,1322,1402,1390,1302
922,1384,1366,1345,1410,1400,1328
923,1413,1401,1389,1454,1442,1363
924,1346,1339,1321,1379,1374,1311
925,1293,1275,1259,1317,1313,1259
926,1284,1256,1237,1305,1297,1232
927,1286,1276,1260,1299,1292,1251
928,1261,1249,1228,1264,1260,1218
929,1194,1185,1177,1229,1216,1159
930,1591,1595,1581,1572,1565,1566
931,1580,1583,1577,1564,1567,1566
932,1557,1562,1556,1543,1560,1560
933,1529,1530,1530,1525,1544,1541
934,1472,1471,1482,1474,1485,1482
935,1408,1408,1405,1391,1400,1397
936,1363,1363,1362,1348,1362,1362
937,1409,1409,1406,1394,1388,1388
938,1410,1414,1406,1391,1396,1396
939,1363,1364,1345,1339,1334,1333
940,1598,1570,1565,1615,1599,1514
941,1541,1529,1521,1551,1539,1494
942,1482,1461,1466,1501,1482,1444
943,1464,1445,1452,1499,1472,1431
944,1448,1419,1414,1472,1450,1384
945,1373,1352,1353,1384,1374,1304
946,1358,1339,1336,1366,1360,1290
947,1385,1379,1356,1401,1386,1334
948,1328,1306,1301,1343,1329,1258
949,1245,1210,1202,1261,1245,1183
950,1729,1695,1694,1734,1738,1671
951,1673,1630,1625,1678,1688,1612
952,1623,1579,1577,1627,1634,1558
953,1567,1537,1528,1573,1571,1486
954,1465,1428,1417,1474,1480,1381
955,1461,1436,1424,1478,1487,1383
956,1501,1466,1445,1507,1512,1405
957,1481,1445,1429,1483,1488,1400
958,1386,1345,1315,1394,1409,1283
959,1288,1259,1244,1295,1306,1210
960,1289,1283,1292,1301,1323,1291
961,1323,1336,1319,1348,1383,1305
962,1372,1381,1362,1405,1425,1359
963,1436,1445,1433,1452,1481,1427
964,1481,1483,1475,1490,1508,1467
965,1465,1466,1464,1474,1490,1456
966,1402,1405,1406,1407,1435,1390
967,1382,1383,1369,1389,1413,1357
968,1373,1381,1354,1395,1416,1341
969,1271,1285,1264,1301,1320,1253
970,1496,1481,1449,1492,1495,1444
971,1553,1544,1509,1555,1556,1467
972,1553,1537,1487,1548,1549,1427
973,1519,1506,1473,1524,1524,1383
974,1429,1418,1408,1429,1426,1384
975,1320,1311,1294,1317,1321,1327
976,1338,1336,1327,1349,1348,1304
977,1369,1345,1324,1369,1368,1271
978,1288,1273,1244,1291,1292,1219
979,1145,1127,1105,1137,1136,1069
980,1341,1342,1335,1342,1359,1300
981,1482,1482,1462,1467,1495,1431
982,1455,1452,1439,1438,1485,1432
983,1481,1477,1464,1470,1495,1439
984,1443,1440,1416,1426,1471,1419
985,1371,1374,1343,1353,1386,1302
986,1350,1353,1325,1327,1383,1306
987,1333,1316,1287,1290,1356,1285
988,1281,1274,1239,1252,1302,1256
989,1279,1269,1245,1255,1300,1225
990,1544,1531,1524,1558,1559,1519
991,1587,1570,1543,1602,1606,1516
992,1581,1567,1536,1620,1623,1473
993,1577,1564,1558,1600,1606,1517
994,1480,1471,1476,1492,1503,1451
995,1446,1444,1434,1468,1471,1402
996,1473,1459,1468,1489,1490,1442
997,1481,1446,1428,1517,1517,1428
998,1384,1369,1339,1410,1419,1310
999,1315,1289,1273,1344,1348,1246
1000,1751,1763,1761,1715,1746,1740
1001,1759,1774,1764,1737,1759,1754
1002,1696,1697,1698,1674,1698,1696
1003,1642,1641,1637,1619,1655,1650
1004,1555,1566,1566,1541,1559,1557
1005,1523,1516,1512,1497,1524,1518
1006,1508,1517,1518,1482,1507,1505
1007,1522,1530,1528,1486,1514,1508
1008,1460,1474,1472,1426,1450,1448
1009,1336,1345,1344,1294,1334,1330
1010,1656,1665,1616,1658,1656,1600
1011,1683,1684,1646,1681,1683,1595
1012,1668,1645,1617,1640,1668,1542
1013,1633,1598,1583,1593,1633,1540
1014,1532,1537,1487,1528,1532,1469
1015,1495,1526,1492,1512,1495,1466
1016,1417,1429,1403,1427,1417,1391
1017,1431,1437,1399,1423,1431,1354
1018,1417,1424,1392,1412,1417,1345
1019,1305,1310,1263,1304,1305,1231
1020,1391,1367,1298,1344,1399,1341
1021,1440,1391,1322,1350,1449,1335
1022,1533,1464,1399,1443,1538,1427
1023,1551,1477,1367,1427,1555,1411
1024,1483,1436,1332,1364,1495,1350
1025,1396,1343,1270,1309,1401,1297
1026,1325,1280,1250,1262,1331,1263
1027,1334,1311,1235,1278,1341,1260
1028,1332,1280,1212,1257,1340,1231
1029,1232,1198,1092,1156,1233,1132
1030,1415,1411,1405,1430,1419,1379
1031,1455,1452,1438,1500,1467,1420
1032,1436,1438,1428,1484,1451,1397
1033,1515,1511,1510,1549,1518,1477
1034,1564,1552,1543,1578,1572,1525
1035,1521,1517,1507,1526,1526,1472
1036,1441,1430,1424,1471,1459,1409
1037,1442,1425,1431,1477,1446,1445
1038,1410,1412,1407,1462,1418,1403
1039,1381,1371,1365,1409,1386,1367
1040,1436,1424,1406,1474,1473,1389
1041,1498,1491,1464,1517,1517,1452
1042,1451,1439,1431,1472,1472,1388
1043,1402,1389,1389,1430,1430,1372
1044,1298,1296,1278,1317,1317,1268
1045,1264,1240,1220,1285,1286,1199
1046,1186,1177,1130,1208,1209,1139
1047,1187,1186,1141,1219,1213,1146
1048,1228,1220,1200,1244,1241,1188
1049,1251,1251,1223,1268,1268,1217
1050,1460,1450,1444,1450,1499,1429
1051,1547,1534,1528,1542,1567,1529
1052,1576,1561,1549,1559,1585,1531
1053,1564,1547,1552,1545,1602,1541
1054,1513,1503,1506,1510,1532,1500
1055,1453,1435,1442,1440,1480,1442
1056,1455,1446,1447,1452,1505,1435
1057,1447,1435,1434,1439,1476,1416
1058,1375,1361,1362,1364,1404,1361
1059,1283,1273,1270,1276,1318,1274
1060,1641,1635,1617,1635,1638,1626
1061,1674,1662,1655,1662,1667,1653
1062,1659,1659,1641,1653,1660,1631
1063,1592,1575,1561,1568,1582,1530
1064,1541,1531,1520,1534,1535,1507
1065,1473,1462,1455,1459,1466,1440
1066,1433,1416,1411,1414,1421,1401
1067,1425,1409,1384,1403,1413,1384
1068,1377,1373,1355,1372,1371,1336
1069,1211,1208,1187,1208,1214,1171
1070,1415,1401,1395,1413,1415,1368
1071,1470,1440,1432,1464,1466,1414
1072,1488,1470,1458,1487,1488,1441
1073,1544,1537,1530,1545,1542,1491
1074,1541,1529,1521,1542,1540,1471
1075,1547,1547,1538,1545,1546,1501
1076,1545,1540,1529,1544,1544,1491
1077,1530,1518,1518,1527,1527,1490
1078,1456,1450,1442,1456,1456,1401
1079,1365,1350,1337,1364,1364,1297
1080,1519,1525,1519,1491,1519,1492
1081,1495,1497,1495,1470,1497,1481
1082,1455,1458,1455,1445,1455,1442
1083,1430,1440,1430,1411,1428,1414
1084,1314,1318,1315,1304,1314,1300
1085,1307,1307,1307,1294,1306,1301
1086,1298,1313,1298,1282,1294,1283
1087,1349,1353,1350,1337,1349,1338
1088,1325,1334,1325,1314,1322,1313
1089,1233,1244,1232,1223,1231,1225
1090,1553,1539,1553,1529,1537,1526
1091,1558,1562,1560,1522,1545,1528
1092,1524,1515,1523,1468,1512,1474
1093,1483,1486,1481,1442,1477,1448
1094,1393,1402,1392,1357,1390,1366
1095,1338,1354,1348,1314,1336,1317
1096,1357,1357,1357,1335,1347,1334
1097,1346,1352,1351,1319,1340,1322
1098,1282,1287,1284,1257,1275,1261
1099,1206,1219,1212,1175,1197,1178
1100,1509,1472,1475,1489,1499,1437
1101,1527,1498,1485,1514,1525,1458
1102,1509,1461,1433,1462,1499,1384
1103,1461,1422,1401,1443,1454,1346
1104,1367,1335,1314,1345,1365,1270
1105,1364,1334,1337,1353,1360,1318
1106,1294,1249,1254,1273,1293,1256
1107,1327,1289,1289,1311,1323,1266
1108,1318,1265,1263,1290,1306,1266
1109,1204,1154,1152,1179,1198,1128
1110,1596,1587,1584,1598,1645,1531
1111,1591,1578,1549,1592,1628,1514
1112,1594,1579,1543,1594,1623,1509
1113,1569,1556,1535,1580,1612,1497
1114,1538,1531,1501,1543,1577,1447
1115,1454,1437,1413,1456,1494,1388
1116,1422,1420,1402,1426,1470,1393
1117,1374,1368,1345,1377,1402,1309
1118,1304,1280,1289,1308,1332,1278
1119,1192,1170,1181,1200,1236,1169
1120,1597,1592,1588,1593,1594,1562
1121,1581,1573,1567,1577,1570,1549
1122,1597,1597,1587,1596,1588,1565
1123,1539,1538,1531,1535,1535,1508
1124,1483,1477,1459,1482,1466,1423
1125,1430,1426,1418,1429,1421,1405
1126,1390,1386,1381,1389,1383,1350
1127,1352,1342,1330,1350,1334,1293
1128,1336,1327,1318,1332,1319,1303
1129,1234,1227,1222,1229,1224,1203
1130,1723,1726,1712,1703,1725,1702
1131,1730,1731,1734,1726,1731,1720
1132,1715,1715,1712,1700,1716,1697
1133,1642,1644,1639,1640,1644,1641
1134,1539,1538,1532,1518,1540,1516
1135,1532,1528,1525,1513,1530,1511
1136,1431,1434,1433,1424,1432,1422
1137,1356,1359,1351,1339,1358,1338
1138,1213,1215,1198,1183,1215,1183
1139,1069,1071,1068,1047,1075,1047
1140,1451,1437,1399,1452,1478,1363
1141,1473,1442,1416,1475,1491,1376
1142,1423,1416,1390,1423,1436,1394
1143,1412,1391,1384,1414,1420,1392
1144,1349,1330,1308,1353,1360,1332
1145,1329,1306,1301,1335,1348,1298
1146,1299,1273,1247,1300,1314,1243
1147,1209,1169,1157,1213,1226,1166
1148,1078,1059,1051,1079,1104,1016
1149,943,924,901,949,963,838
1150,1535,1524,1527,1567,1535,1524
1151,1514,1513,1517,1537,1515,1504
1152,1462,1459,1452,1496,1466,1455
1153,1422,1425,1430,1453,1422,1423
1154,1305,1306,1304,1319,1302,1303
1155,1228,1229,1230,1251,1234,1230
1156,1238,1247,1229,1258,1244,1220
1157,1290,1286,1279,1330,1296,1276
1158,1248,1243,1220,1286,1257,1237
1159,1154,1151,1137,1188,1156,1128
1160,1666,1697,1716,1673,1677,1697
1161,1648,1681,1694,1661,1660,1693
1162,1629,1655,1666,1623,1626,1656
1163,1532,1573,1590,1515,1532,1564
1164,1451,1495,1499,1447,1456,1497
1165,1446,1476,1482,1435,1448,1468
1166,1431,1451,1462,1418,1430,1454
1167,1433,1472,1479,1422,1431,1462
1168,1332,1388,1397,1310,1328,1373
1169,1243,1291,1307,1232,1242,1275
1170,1386,1386,1389,1389,1364,1352
1171,1354,1354,1349,1358,1338,1353
1172,1363,1363,1360,1370,1349,1349
1173,1350,1350,1351,1359,1334,1317
1174,1361,1361,1355,1378,1346,1328
1175,1385,1386,1388,1408,1360,1331
1176,1294,1294,1290,1305,1267,1247
1177,1218,1218,1217,1239,1198,1176
1178,1167,1167,1165,1180,1146,1115
1179,1084,1084,1082,1096,1072,1048
1180,1766,1773,1766,1759,1759,1761
1181,1826,1836,1825,1820,1819,1819
1182,1888,1895,1888,1882,1882,1874
1183,1881,1880,1881,1888,1887,1886
1184,1826,1819,1825,1829,1830,1822
1185,1802,1803,1802,1797,1797,1795
1186,1746,1750,1746,1753,1748,1741
1187,1701,1708,1701,1691,1691,1688
1188,1599,1608,1599,1603,1600,1607
1189,1509,1518,1509,1509,1507,1502
1190,1411,1374,1352,1390,1404,1348
1191,1471,1447,1428,1452,1460,1425
1192,1491,1479,1443,1477,1487,1441
1193,1478,1456,1408,1466,1471,1391
1194,1463,1445,1417,1449,1457,1409
1195,1434,1416,1411,1419,1425,1406
1196,1381,1369,1361,1368,1373,1355
1197,1359,1342,1324,1354,1359,1327
1198,1316,1287,1260,1292,1305,1258
1199,1223,1190,1169,1206,1213,1167
1200,1534,1533,1527,1539,1549,1526
1201,1584,1581,1574,1585,1587,1556
1202,1621,1614,1602,1615,1613,1588
1203,1600,1600,1595,1608,1607,1581
1204,1551,1554,1543,1541,1533,1528
1205,1499,1494,1490,1499,1512,1485
1206,1394,1387,1381,1396,1407,1379
1207,1364,1365,1355,1356,1370,1347
1208,1353,1353,1346,1358,1365,1328
1209,1315,1311,1303,1320,1338,1295
1210,1334,1332,1333,1334,1335,1317
1211,1363,1355,1370,1362,1371,1345
1212,1389,1386,1388,1390,1396,1378
1213,1403,1399,1407,1403,1412,1396
1214,1352,1346,1353,1352,1358,1336
1215,1306,1306,1307,1306,1310,1301
1216,1301,1296,1303,1301,1308,1297
1217,1260,1254,1262,1260,1271,1251
1218,1187,1182,1190,1188,1194,1176
1219,1058,1054,1060,1058,1063,1047
1220,1391,1377,1374,1391,1399,1369
1221,1417,1407,1359,1427,1432,1359
1222,1460,1431,1392,1467,1485,1349
1223,1537,1506,1441,1545,1556,1351
1224,1527,1499,1457,1534,1553,1388
1225,1465,1447,1426,1466,1473,1353
1226,1397,1362,1364,1396,1399,1353
1227,1417,1388,1388,1425,1427,1390
1228,1393,1355,1364,1393,1399,1356
1229,1283,1246,1239,1282,1285,1194
1230,1155,1128,1161,1149,1213,1099
1231,1165,1143,1179,1161,1217,1112
1232,1162,1153,1174,1159,1212,1148
1233,1168,1154,1178,1162,1239,1139
1234,1166,1150,1176,1164,1250,1127
1235,1176,1158,1181,1173,1234,1130
1236,1228,1214,1235,1224,1305,1194
1237,1272,1248,1289,1271,1325,1222
1238,1261,1247,1269,1254,1291,1236
1239,1258,1252,1264,1258,1284,1240
1240,1457,1446,1429,1441,1471,1438
1241,1490,1483,1472,1476,1530,1457
1242,1459,1468,1441,1464,1485,1358
1243,1473,1477,1437,1470,1480,1380
1244,1479,1475,1448,1473,1493,1420
1245,1337,1345,1361,1348,1355,1326
1246,1309,1319,1309,1322,1326,1266
1247,1351,1348,1347,1352,1365,1357
1248,1268,1270,1280,1275,1286,1235
1249,1102,1084,1062,1084,1121,1018
1250,1365,1396,1393,1405,1396,1342
1251,1372,1401,1383,1409,1381,1339
1252,1391,1393,1382,1402,1393,1367
1253,1476,1479,1475,1496,1486,1447
1254,1407,1408,1410,1415,1405,1352
1255,1294,1316,1311,1322,1319,1272
1256,1277,1288,1286,1291,1289,1268
1257,1227,1253,1243,1257,1247,1229
1258,1211,1258,1244,1262,1255,1220
1259,1245,1273,1259,1278,1268,1264
1260,1565,1533,1525,1529,1547,1510
1261,1576,1540,1530,1541,1568,1519
1262,1550,1528,1520,1527,1542,1509
1263,1484,1455,1456,1458,1469,1440
1264,1400,1383,1377,1384,1404,1371
1265,1367,1339,1336,1341,1351,1327
1266,1372,1359,1344,1359,1370,1333
1267,1308,1289,1262,1287,1301,1228
1268,1231,1213,1188,1213,1224,1167
1269,1090,1067,1032,1063,1074,1010
1270,1219,1234,1208,1197,1208,1198
1271,1266,1279,1250,1237,1250,1227
1272,1260,1272,1251,1227,1248,1215
1273,1201,1228,1189,1156,1189,1141
1274,1218,1220,1215,1210,1214,1180
1275,1241,1263,1223,1224,1220,1206
1276,1255,1269,1244,1216,1244,1200
1277,1302,1309,1292,1229,1292,1210
1278,1221,1234,1216,1198,1216,1141
1279,1171,1205,1158,1157,1158,1138
1280,1527,1515,1497,1526,1506,1462
1281,1570,1558,1541,1564,1554,1495
1282,1558,1546,1514,1553,1534,1482
1283,1489,1476,1454,1480,1466,1424
1284,1435,1430,1419,1434,1420,1386
1285,1312,1311,1289,1309,1305,1269
1286,1311,1303,1281,1307,1297,1282
1287,1347,1350,1326,1347,1349,1300
1288,1264,1252,1222,1260,1246,1190
1289,1138,1125,1085,1136,1113,1052
1290,1444,1430,1412,1456,1472,1378
1291,1499,1491,1474,1524,1529,1474
1292,1556,1524,1521,1569,1590,1504
1293,1605,1583,1567,1614,1628,1555
1294,1606,1580,1559,1612,1623,1506
1295,1564,1540,1533,1566,1587,1487
1296,1514,1514,1515,1530,1547,1484
1297,1414,1422,1416,1438,1468,1381
1298,1399,1380,1376,1423,1433,1354
1299,1381,1380,1371,1395,1417,1347
1300,1591,1546,1539,1575,1591,1527
1301,1595,1572,1531,1587,1592,1516
1302,1575,1540,1497,1560,1567,1472
1303,1517,1490,1467,1521,1517,1454
1304,1436,1411,1391,1432,1436,1391
1305,1365,1336,1343,1362,1363,1336
1306,1346,1307,1306,1336,1342,1292
1307,1345,1308,1291,1335,1342,1283
1308,1281,1243,1244,1268,1281,1233
1309,1180,1127,1112,1163,1180,1100
1310,1539,1540,1529,1504,1504,1504
1311,1562,1562,1559,1530,1538,1531
1312,1529,1537,1525,1502,1512,1502
1313,1478,1485,1472,1469,1472,1469
1314,1427,1438,1424,1409,1417,1409
1315,1425,1437,1424,1403,1406,1403
1316,1367,1371,1363,1339,1345,1339
1317,1294,1298,1293,1258,1260,1258
1318,1176,1185,1174,1137,1147,1138
1319,1013,1023,1011,980,984,980
1320,1776,1770,1768,1773,1768,1760
1321,1797,1798,1793,1797,1793,1780
1322,1726,1721,1718,1723,1719,1708
1323,1652,1653,1649,1653,1649,1631
1324,1585,1588,1582,1587,1582,1562
1325,1621,1619,1613,1616,1614,1596
1326,1586,1581,1577,1583,1577,1554
1327,1499,1497,1492,1498,1495,1473
1328,1406,1402,1391,1404,1392,1384
1329,1275,1270,1266,1270,1266,1246
1330,1209,1190,1182,1203,1203,1178
1331,1279,1256,1252,1273,1273,1250
1332,1328,1306,1303,1321,1321,1301
1333,1355,1338,1339,1347,1350,1343
1334,1427,1412,1413,1422,1423,1408
1335,1444,1431,1435,1438,1439,1430
1336,1424,1402,1393,1418,1419,1390
1337,1357,1360,1362,1355,1356,1365
1338,1370,1357,1354,1361,1363,1355
1339,1311,1311,1310,1311,1311,1309
1340,1540,1529,1506,1535,1522,1472
1341,1584,1581,1569,1579,1579,1552
1342,1579,1577,1538,1582,1568,1534
1343,1515,1508,1497,1509,1501,1488
1344,1450,1435,1421,1445,1427,1404
1345,1415,1397,1388,1402,1386,1375
1346,1443,1411,1394,1431,1404,1381
1347,1416,1411,1398,1406,1409,1387
1348,1411,1380,1369,1401,1378,1360
1349,1290,1258,1239,1277,1250,1228
1350,1388,1385,1379,1369,1396,1324
1351,1418,1414,1411,1404,1423,1376
1352,1416,1420,1402,1384,1431,1335
1353,1408,1414,1413,1396,1424,1324
1354,1400,1410,1394,1376,1410,1292
1355,1373,1365,1361,1352,1364,1298
1356,1288,1285,1286,1285,1284,1250
1357,1260,1245,1255,1246,1239,1223
1358,1206,1198,1206,1201,1207,1176
1359,1182,1187,1185,1183,1193,1142
1360,1638,1631,1625,1672,1673,1614
1361,1677,1669,1662,1702,1702,1662
1362,1681,1664,1657,1691,1693,1677
1363,1616,1619,1614,1646,1647,1590
1364,1590,1582,1569,1605,1607,1571
1365,1500,1496,1485,1514,1514,1477
1366,1406,1402,1399,1443,1445,1380
1367,1425,1418,1412,1450,1451,1405
1368,1427,1415,1417,1447,1449,1406
1369,1358,1346,1343,1379,1379,1333
1370,1473,1454,1442,1465,1467,1439
1371,1458,1441,1416,1448,1448,1394
1372,1398,1369,1363,1379,1379,1353
1373,1327,1297,1287,1303,1302,1281
1374,1236,1205,1202,1212,1218,1213
1375,1134,1106,1101,1112,1115,1120
1376,1012,984,981,990,994,989
1377,821,776,736,792,792,718
1378,633,602,559,620,620,538
1379,425,383,352,414,414,325
1380,1480,1539,1552,1445,1415,1550
1381,1512,1549,1570,1485,1450,1565
1382,1528,1562,1580,1498,1476,1569
1383,1595,1631,1653,1574,1528,1641
1384,1583,1616,1637,1574,1548,1631
1385,1561,1594,1612,1540,1511,1600
1386,1501,1547,1564,1486,1439,1556
1387,1486,1518,1541,1475,1429,1540
1388,1487,1518,1534,1469,1435,1526
1389,1377,1441,1456,1353,1313,1449
1390,1190,1182,1181,1183,1190,1162
1391,1282,1265,1259,1281,1298,1244
1392,1289,1277,1271,1283,1297,1250
1393,1319,1305,1299,1309,1334,1259
1394,1375,1364,1340,1368,1378,1254
1395,1392,1384,1382,1386,1409,1329
1396,1390,1383,1384,1381,1401,1344
1397,1363,1357,1353,1361,1376,1328
1398,1338,1332,1328,1338,1350,1321
1399,1254,1259,1261,1250,1276,1254
1400,1358,1343,1291,1308,1358,1291
1401,1435,1418,1295,1360,1431,1331
1402,1459,1426,1310,1360,1462,1340
1403,1428,1408,1248,1334,1430,1290
1404,1426,1411,1278,1333,1424,1288
1405,1369,1364,1285,1339,1372,1304
1406,1292,1284,1219,1246,1295,1245
1407,1295,1274,1211,1220,1304,1219
1408,1257,1246,1108,1169,1259,1128
1409,1175,1167,981,1066,1182,1017
1410,1549,1530,1487,1551,1551,1439
1411,1487,1457,1449,1501,1493,1407
1412,1450,1435,1405,1460,1460,1345
1413,1359,1340,1330,1364,1362,1322
1414,1311,1300,1277,1328,1322,1261
1415,1265,1255,1231,1275,1276,1234
1416,1268,1245,1229,1276,1273,1214
1417,1223,1189,1176,1243,1239,1125
1418,1105,1080,1064,1125,1115,1029
1419,999,977,957,1027,1024,901
1420,1403,1388,1364,1351,1418,1353
1421,1453,1452,1432,1410,1476,1412
1422,1479,1470,1439,1425,1494,1412
1423,1473,1466,1449,1432,1493,1388
1424,1472,1470,1433,1411,1486,1359
1425,1430,1412,1388,1385,1442,1364
1426,1372,1358,1348,1356,1385,1355
1427,1364,1363,1330,1332,1389,1335
1428,1314,1308,1286,1286,1334,1262
1429,1218,1201,1168,1155,1232,1134
1430,1508,1541,1490,1481,1519,1425
1431,1527,1580,1505,1502,1549,1473
1432,1478,1544,1457,1452,1526,1425
1433,1579,1654,1540,1539,1599,1492
1434,1564,1599,1537,1533,1572,1486
1435,1453,1491,1461,1456,1463,1432
1436,1435,1459,1429,1434,1437,1439
1437,1374,1404,1356,1346,1391,1356
1438,1360,1426,1351,1336,1374,1359
1439,1375,1427,1348,1340,1387,1340
1440,1756,1773,1748,1745,1748,1707
1441,1728,1740,1724,1723,1728,1703
1442,1708,1699,1705,1696,1708,1674
1443,1628,1631,1627,1623,1629,1607
1444,1587,1592,1584,1580,1586,1566
1445,1556,1574,1554,1554,1555,1522
1446,1461,1471,1458,1452,1458,1426
1447,1361,1380,1361,1356,1361,1330
1448,1251,1262,1251,1246,1251,1235
1449,1158,1166,1151,1149,1157,1130
1450,1668,1656,1662,1682,1682,1639
1451,1685,1686,1690,1699,1699,1624
1452,1645,1639,1647,1656,1656,1603
1453,1605,1604,1614,1620,1620,1540
1454,1527,1523,1537,1539,1539,1534
1455,1518,1512,1514,1526,1526,1473
1456,1446,1434,1431,1461,1461,1401
1457,1324,1314,1311,1333,1333,1289
1458,1228,1223,1217,1243,1243,1177
1459,1079,1073,1040,1077,1077,998
1460,1253,1240,1213,1238,1255,1212
1461,1244,1228,1205,1226,1243,1204
1462,1289,1268,1233,1272,1288,1231
1463,1279,1254,1236,1255,1269,1231
1464,1283,1268,1236,1266,1276,1235
1465,1259,1243,1157,1239,1248,1146
1466,1281,1276,1239,1275,1278,1233
1467,1306,1303,1266,1302,1308,1263
1468,1286,1268,1253,1268,1277,1251
1469,1254,1248,1234,1247,1252,1236
1470,1461,1460,1465,1463,1475,1470
1471,1521,1515,1517,1524,1533,1508
1472,1514,1496,1491,1515,1519,1483
1473,1448,1430,1422,1447,1451,1413
1474,1418,1403,1392,1420,1425,1379
1475,1332,1332,1320,1332,1333,1324
1476,1304,1297,1295,1308,1313,1295
1477,1290,1279,1276,1292,1299,1263
1478,1229,1228,1218,1228,1231,1204
1479,1129,1111,1104,1131,1141,1100
1480,1317,1306,1288,1328,1340,1275
1481,1376,1363,1351,1373,1414,1362
1482,1426,1418,1395,1430,1453,1378
1483,1461,1449,1439,1468,1508,1412
1484,1531,1527,1525,1533,1547,1451
1485,1488,1493,1482,1492,1517,1433
1486,1404,1400,1388,1404,1424,1371
1487,1388,1398,1398,1386,1413,1391
1488,1384,1374,1359,1389,1402,1338
1489,1282,1277,1272,1285,1307,1258
1490,1562,1569,1561,1569,1583,1527
1491,1548,1550,1541,1557,1578,1525
1492,1509,1511,1506,1519,1534,1476
1493,1444,1440,1445,1452,1459,1400
1494,1405,1403,1401,1405,1421,1386
1495,1390,1391,1387,1400,1418,1363
1496,1344,1349,1340,1353,1368,1306
1497,1269,1272,1264,1278,1301,1259
1498,1200,1200,1197,1206,1219,1165
1499,1071,1066,1063,1072,1105,1046
1500,1886,1940,2153,1872,1827,2227
1501,1881,1914,2100,1875,1829,2225
1502,1869,1891,2063,1856,1819,2215
1503,1843,1886,2030,1832,1797,2191
1504,1833,1869,2026,1812,1775,2203
1505,1787,1843,1978,1743,1702,2176
1506,1706,1769,1925,1679,1629,2128
1507,1634,1696,1860,1606,1557,2088
1508,1518,1584,1787,1476,1432,2018
1509,1390,1459,1672,1344,1317,1936
1510,1277,1240,1239,1211,1280,1237
1511,1301,1265,1263,1216,1312,1256
1512,1351,1327,1331,1298,1369,1323
1513,1407,1364,1317,1277,1424,1303
1514,1370,1306,1233,1165,1387,1216
1515,1374,1343,1282,1227,1380,1264
1516,1313,1311,1281,1262,1324,1268
1517,1285,1282,1266,1239,1293,1258
1518,1268,1269,1254,1218,1271,1242
1519,1212,1189,1163,1130,1224,1164
1520,1543,1539,1514,1542,1532,1477
1521,1545,1541,1508,1552,1532,1463
1522,1545,1547,1499,1551,1535,1459
1523,1524,1516,1489,1529,1510,1451
1524,1520,1515,1451,1531,1513,1433
1525,1500,1498,1459,1506,1493,1426
1526,1443,1447,1406,1450,1443,1378
1527,1390,1382,1353,1394,1369,1308
1528,1344,1339,1323,1352,1339,1292
1529,1326,1323,1292,1331,1317,1254
1530,1581,1570,1551,1594,1601,1528
1531,1594,1570,1553,1600,1611,1507
1532,1547,1522,1515,1558,1573,1478
1533,1500,1480,1479,1510,1525,1435
1534,1461,1447,1443,1464,1486,1422
1535,1452,1444,1442,1458,1470,1407
1536,1366,1349,1343,1379,1399,1315
1537,1287,1277,1278,1295,1310,1231
1538,1182,1161,1155,1193,1213,1139
1539,1044,1020,1011,1055,1073,987
1540,1316,1287,1260,1287,1309,1269
1541,1399,1378,1352,1378,1406,1343
1542,1448,1428,1414,1429,1444,1405
1543,1505,1497,1483,1497,1512,1430
1544,1527,1510,1488,1510,1533,1467
1545,1513,1492,1481,1491,1513,1500
1546,1466,1455,1440,1454,1470,1459
1547,1407,1395,1374,1395,1403,1382
1548,1345,1332,1306,1333,1351,1281
1549,1366,1323,1320,1323,1365,1307
1550,1621,1615,1582,1619,1623,1507
1551,1563,1554,1528,1565,1570,1486
1552,1473,1458,1426,1474,1474,1397
1553,1404,1388,1361,1402,1404,1339
1554,1408,1392,1387,1403,1408,1360
1555,1407,1379,1376,1407,1412,1358
1556,1333,1309,1293,1331,1335,1291
1557,1257,1233,1204,1253,1257,1186
1558,1151,1108,1083,1146,1152,1067
1559,994,958,930,989,993,881
1560,1548,1986,2229,1538,1501,1935
1561,1587,2037,2224,1585,1565,1975
1562,1584,2018,2250,1578,1556,1961
1563,1557,1996,2256,1553,1533,1923
1564,1533,1960,2263,1532,1506,1914
1565,1462,1968,2247,1461,1437,1912
1566,1474,1947,2240,1473,1450,1867
1567,1402,1894,2237,1398,1380,1824
1568,1314,1918,2204,1317,1302,1829
1569,1209,1885,2177,1204,1192,1812
1570,1210,1278,1234,1213,1232,1179
1571,1296,1348,1307,1294,1309,1260
1572,1262,1371,1320,1300,1336,1233
1573,1265,1288,1231,1285,1296,1205
1574,1224,1275,1202,1238,1245,1199
1575,1158,1204,1163,1178,1197,1113
1576,1125,1163,1119,1147,1165,1093
1577,1129,1170,1089,1155,1186,1082
1578,1037,1116,1035,1060,1083,973
1579,935,1085,967,981,1000,869
1580,1409,1411,1397,1397,1395,1397
1581,1438,1432,1414,1410,1414,1410
1582,1438,1440,1442,1432,1442,1432
1583,1451,1447,1442,1427,1438,1428
1584,1355,1354,1364,1350,1376,1349
1585,1313,1301,1311,1305,1306,1305
1586,1265,1266,1252,1243,1248,1243
1587,1252,1250,1239,1229,1237,1230
1588,1221,1220,1204,1198,1208,1198
1589,1269,1264,1252,1238,1250,1238
1590,1439,1431,1425,1438,1433,1408
1591,1484,1471,1464,1480,1471,1441
1592,1532,1525,1523,1532,1526,1498
1593,1549,1545,1545,1549,1548,1522
1594,1507,1505,1497,1506,1506,1490
1595,1446,1437,1427,1443,1437,1412
1596,1377,1370,1365,1377,1372,1364
1597,1341,1340,1339,1341,1341,1331
1598,1336,1326,1319,1335,1327,1308
1599,1314,1309,1303,1311,1309,1286
1600,1607,1621,1592,1614,1607,1562
1601,1617,1625,1603,1658,1641,1553
1602,1581,1577,1554,1618,1607,1496
1603,1545,1565,1548,1566,1566,1477
1604,1449,1473,1454,1468,1463,1421
1605,1375,1403,1389,1407,1402,1337
1606,1345,1382,1366,1366,1360,1307
1607,1419,1413,1378,1443,1434,1334
1608,1324,1285,1278,1344,1335,1234
1609,1209,1187,1165,1224,1213,1175
1610,1419,1382,1328,1274,1448,1280
1611,1447,1446,1441,1458,1477,1448
1612,1480,1476,1466,1425,1498,1441
1613,1527,1507,1477,1437,1557,1452
1614,1601,1577,1556,1466,1626,1495
1615,1625,1609,1563,1474,1652,1521
1616,1580,1545,1538,1440,1606,1476
1617,1547,1522,1533,1484,1572,1507
1618,1551,1545,1541,1467,1580,1515
1619,1448,1426,1413,1392,1463,1399
1620,1589,1569,1545,1536,1594,1537
1621,1591,1565,1546,1530,1614,1528
1622,1564,1524,1488,1433,1581,1431
1623,1485,1460,1452,1419,1513,1422
1624,1455,1435,1419,1382,1457,1381
1625,1389,1364,1378,1367,1436,1366
1626,1392,1385,1385,1385,1445,1383
1627,1297,1282,1265,1284,1348,1283
1628,1156,1147,1152,1142,1202,1139
1629,1041,1032,1041,1026,1087,1025
1630,1673,1682,1681,1681,1672,1671
1631,1713,1721,1722,1721,1713,1704
1632,1729,1738,1737,1738,1728,1725
1633,1716,1717,1723,1717,1716,1705
1634,1651,1661,1661,1660,1651,1651
1635,1598,1605,1604,1605,1597,1596
1636,1551,1560,1559,1559,1546,1542
1637,1556,1555,1555,1555,1556,1551
1638,1524,1524,1526,1525,1522,1499
1639,1414,1424,1426,1425,1412,1407
1640,1706,1690,1665,1725,1726,1624
1641,1738,1701,1678,1752,1752,1632
1642,1758,1724,1704,1765,1764,1663
1643,1686,1657,1620,1710,1710,1590
1644,1638,1599,1577,1659,1660,1538
1645,1547,1526,1492,1558,1560,1484
1646,1577,1553,1522,1585,1591,1517
1647,1485,1464,1436,1498,1500,1430
1648,1430,1404,1377,1439,1438,1365
1649,1312,1277,1234,1315,1315,1237
1650,1394,1365,1316,1373,1386,1319
1651,1390,1361,1328,1374,1386,1326
1652,1416,1376,1350,1384,1400,1350
1653,1399,1377,1355,1378,1394,1357
1654,1370,1350,1340,1357,1363,1337
1655,1366,1341,1314,1344,1359,1311
1656,1318,1299,1263,1307,1315,1257
1657,1284,1255,1200,1264,1277,1200
1658,1216,1186,1161,1196,1208,1159
1659,1138,1112,1080,1123,1137,1076
1660,1447,1439,1420,1431,1447,1408
1661,1514,1510,1496,1509,1514,1456
1662,1519,1507,1494,1502,1519,1481
1663,1486,1476,1466,1474,1486,1453
1664,1437,1425,1422,1426,1443,1401
1665,1384,1374,1362,1361,1384,1330
1666,1391,1377,1366,1375,1383,1334
1667,1418,1400,1397,1398,1418,1384
1668,1411,1401,1394,1398,1411,1397
1669,1286,1279,1262,1275,1286,1242
1670,1230,1186,1168,1212,1242,1172
1671,1314,1291,1272,1309,1325,1278
1672,1393,1370,1354,1379,1407,1354
1673,1462,1444,1424,1456,1473,1425
1674,1497,1475,1457,1489,1507,1457
1675,1498,1478,1466,1494,1504,1469
1676,1479,1451,1439,1470,1490,1440
1677,1456,1439,1423,1452,1463,1426
1678,1430,1421,1420,1424,1444,1421
1679,1395,1377,1370,1387,1400,1371
1680,1682,1689,1671,1722,1723,1670
1681,1656,1663,1654,1679,1677,1650
1682,1633,1617,1608,1658,1667,1588
1683,1574,1556,1538,1568,1581,1524
1684,1505,1492,1474,1528,1544,1463
1685,1506,1492,1485,1525,1535,1466
1686,1474,1447,1428,1482,1489,1426
1687,1390,1374,1356,1416,1417,1352
1688,1307,1299,1285,1338,1338,1283
1689,1182,1154,1141,1211,1216,1138
1690,1427,1421,1416,1417,1417,1381
1691,1440,1433,1427,1424,1429,1396
1692,1545,1539,1527,1529,1530,1502
1693,1594,1592,1585,1585,1590,1554
1694,1612,1605,1593,1588,1598,1574
1695,1560,1554,1543,1543,1546,1529
1696,1460,1457,1444,1443,1448,1427
1697,1431,1426,1420,1419,1419,1384
1698,1421,1411,1399,1399,1404,1361
1699,1341,1340,1333,1332,1338,1292
1700,1674,1683,1675,1678,1673,1681
1701,1643,1655,1649,1651,1649,1654
1702,1668,1680,1671,1668,1667,1661
1703,1619,1641,1624,1630,1629,1611
1704,1531,1543,1533,1532,1533,1521
1705,1475,1492,1487,1486,1485,1475
1706,1471,1490,1472,1476,1474,1457
1707,1410,1433,1415,1418,1417,1387
1708,1305,1327,1316,1319,1319,1288
1709,1222,1233,1222,1223,1225,1218
1710,1672,1640,1622,1652,1666,1539
1711,1626,1606,1582,1611,1611,1486
1712,1583,1553,1539,1571,1575,1495
1713,1514,1507,1481,1512,1519,1428
1714,1432,1402,1394,1409,1418,1354
1715,1391,1349,1324,1373,1380,1327
1716,1390,1358,1325,1365,1377,1341
1717,1364,1306,1281,1332,1347,1282
1718,1200,1157,1139,1170,1186,1126
1719,1112,1060,1022,1079,1093,989
1720,1753,1701,1636,1787,1803,1670
1721,1746,1699,1663,1762,1793,1681
1722,1720,1655,1624,1732,1742,1627
1723,1676,1609,1568,1692,1709,1589
1724,1601,1546,1498,1609,1624,1529
1725,1554,1515,1470,1558,1579,1511
1726,1513,1452,1402,1531,1549,1436
1727,1430,1389,1347,1441,1461,1378
1728,1346,1309,1274,1375,1397,1294
1729,1250,1218,1182,1258,1287,1207
1730,1470,1510,1519,1449,1470,1495
1731,1502,1531,1540,1485,1502,1522
1732,1520,1545,1559,1513,1521,1538
1733,1483,1495,1514,1466,1487,1503
1734,1410,1436,1449,1403,1414,1433
1735,1366,1393,1403,1355,1365,1387
1736,1335,1378,1387,1329,1336,1370
1737,1320,1358,1363,1307,1330,1344
1738,1359,1383,1386,1349,1362,1375
1739,1291,1344,1344,1281,1292,1324
1740,1339,1337,1351,1371,1362,1340
1741,1393,1388,1380,1415,1406,1365
1742,1511,1519,1507,1528,1523,1420
1743,1522,1513,1504,1524,1522,1442
1744,1435,1433,1405,1441,1435,1377
1745,1347,1362,1354,1367,1361,1327
1746,1286,1310,1300,1312,1309,1306
1747,1288,1282,1279,1296,1289,1256
1748,1302,1285,1251,1322,1315,1206
1749,1200,1195,1167,1212,1205,1124
1750,1458,1440,1435,1452,1455,1419
1751,1505,1503,1496,1505,1506,1485
1752,1519,1516,1512,1516,1516,1499
1753,1555,1542,1531,1548,1550,1515
1754,1485,1484,1444,1484,1483,1412
1755,1444,1441,1419,1445,1443,1394
1756,1404,1403,1381,1405,1404,1356
1757,1304,1305,1282,1304,1304,1254
1758,1308,1301,1272,1305,1306,1240
1759,1253,1238,1228,1250,1250,1196
1760,1418,1367,1391,1498,1465,1412
1761,1449,1374,1389,1538,1488,1440
1762,1457,1368,1385,1509,1501,1439
1763,1439,1371,1390,1472,1483,1422
1764,1322,1295,1304,1344,1373,1308
1765,1180,1129,1137,1250,1224,1162
1766,1188,1117,1130,1227,1199,1159
1767,1160,1103,1121,1223,1199,1142
1768,1101,998,1010,1209,1135,1077
1769,1040,935,944,1130,1047,1021
1770,1680,1678,1643,1702,1692,1608
1771,1625,1622,1624,1654,1650,1562
1772,1588,1570,1549,1614,1612,1527
1773,1542,1520,1512,1590,1578,1484
1774,1462,1442,1415,1501,1501,1426
1775,1480,1472,1439,1507,1500,1439
1776,1510,1504,1462,1506,1505,1445
1777,1473,1460,1420,1501,1495,1396
1778,1406,1392,1371,1433,1432,1348
1779,1308,1300,1257,1343,1339,1252
1780,1539,1532,1520,1553,1539,1497
1781,1490,1481,1469,1503,1493,1440
1782,1472,1467,1448,1485,1471,1434
1783,1415,1419,1427,1428,1415,1399
1784,1320,1314,1323,1350,1325,1316
1785,1295,1295,1282,1306,1292,1276
1786,1287,1284,1267,1293,1284,1258
1787,1249,1243,1240,1274,1245,1236
1788,1180,1171,1151,1207,1178,1136
1789,1047,1039,1025,1073,1045,1016
1790,1669,1662,1646,1663,1687,1587
1791,1650,1643,1646,1641,1665,1607
1792,1575,1565,1578,1566,1615,1564
1793,1563,1558,1546,1560,1585,1527
1794,1420,1407,1402,1406,1452,1355
1795,1404,1385,1375,1386,1421,1350
1796,1385,1372,1348,1372,1413,1328
1797,1374,1361,1342,1361,1394,1289
1798,1380,1348,1330,1349,1412,1301
1799,1326,1309,1288,1307,1355,1253
1800,1545,1524,1516,1578,1557,1504
1801,1572,1563,1549,1605,1586,1529
1802,1599,1581,1554,1631,1609,1550
1803,1641,1619,1605,1674,1643,1586
1804,1632,1628,1602,1664,1643,1602
1805,1578,1575,1558,1625,1592,1566
1806,1557,1548,1534,1592,1573,1549
1807,1516,1493,1472,1554,1525,1475
1808,1460,1452,1433,1490,1472,1435
1809,1358,1342,1326,1390,1368,1334
1810,1411,1381,1408,1326,1437,1369
1811,1464,1462,1462,1462,1490,1448
1812,1481,1470,1484,1432,1492,1471
1813,1498,1499,1515,1428,1506,1459
1814,1522,1498,1525,1444,1550,1480
1815,1460,1414,1437,1384,1489,1412
1816,1439,1384,1430,1364,1459,1373
1817,1389,1387,1397,1336,1392,1385
1818,1337,1337,1361,1314,1346,1340
1819,1266,1230,1247,1200,1282,1210
1820,1573,1546,1535,1569,1569,1523
1821,1546,1525,1505,1544,1544,1497
1822,1542,1490,1453,1530,1530,1414
1823,1437,1424,1405,1434,1434,1365
1824,1409,1382,1363,1404,1404,1352
1825,1419,1378,1363,1400,1400,1358
1826,1322,1283,1281,1302,1301,1282
1827,1229,1180,1173,1206,1206,1189
1828,1120,1083,1073,1110,1110,1069
1829,964,928,916,947,947,883
1830,1394,1409,1399,1407,1452,1358
1831,1459,1462,1458,1462,1486,1447
1832,1512,1520,1510,1520,1547,1478
1833,1508,1520,1515,1521,1541,1487
1834,1494,1502,1491,1503,1528,1483
1835,1479,1488,1474,1488,1510,1459
1836,1445,1451,1438,1451,1484,1400
1837,1388,1390,1394,1390,1417,1368
1838,1347,1356,1345,1358,1386,1339
1839,1327,1332,1327,1333,1354,1310
1840,1481,1484,1481,1479,1481,1481
1841,1493,1495,1497,1494,1517,1444
1842,1572,1571,1558,1555,1579,1481
1843,1534,1542,1517,1515,1552,1476
1844,1482,1486,1481,1480,1500,1450
1845,1436,1435,1429,1428,1431,1406
1846,1359,1350,1354,1357,1365,1327
1847,1261,1266,1245,1246,1271,1204
1848,1203,1206,1191,1186,1214,1120
1849,1060,1064,1053,1053,1076,976
1850,1666,1656,1644,1673,1669,1627
1851,1663,1656,1647,1668,1666,1641
1852,1650,1633,1634,1654,1651,1624
1853,1592,1541,1546,1589,1589,1513
1854,1543,1514,1515,1557,1552,1477
1855,1492,1479,1462,1499,1494,1436
1856,1467,1459,1447,1474,1469,1428
1857,1406,1409,1400,1411,1412,1384
1858,1434,1423,1401,1446,1441,1366
1859,1343,1346,1305,1356,1350,1270
1860,1578,1549,1501,1607,1608,1501
1861,1604,1565,1525,1638,1632,1568
1862,1540,1491,1456,1584,1564,1467
1863,1475,1451,1410,1533,1508,1435
1864,1346,1314,1294,1423,1388,1289
1865,1379,1335,1300,1414,1395,1345
1866,1345,1324,1311,1389,1378,1340
1867,1384,1364,1327,1402,1400,1361
1868,1412,1380,1354,1426,1432,1342
1869,1450,1415,1387,1467,1469,1373
1870,1574,1575,1566,1655,1572,1517
1871,1574,1587,1568,1661,1573,1521
1872,1543,1551,1542,1633,1544,1509
1873,1454,1466,1456,1543,1456,1400
1874,1353,1365,1348,1412,1353,1314
1875,1290,1305,1291,1365,1296,1283
1876,1255,1263,1248,1323,1253,1230
1877,1318,1329,1316,1399,1318,1288
1878,1340,1351,1339,1419,1342,1272
1879,1209,1224,1208,1309,1211,1162
1880,1913,1917,1905,1906,1909,1920
1881,1902,1901,1895,1902,1910,1912
1882,1765,1771,1760,1749,1768,1778
1883,1712,1711,1710,1703,1713,1714
1884,1698,1698,1694,1689,1698,1707
1885,1719,1721,1716,1708,1719,1723
1886,1719,1719,1715,1708,1717,1731
1887,1732,1731,1722,1715,1735,1746
1888,1633,1631,1620,1612,1632,1640
1889,1504,1503,1494,1485,1502,1519
1890,1607,1608,1595,1607,1648,1584
1891,1574,1567,1559,1567,1590,1528
1892,1503,1498,1459,1500,1526,1441
1893,1511,1512,1516,1508,1518,1511
1894,1445,1444,1448,1445,1469,1463
1895,1445,1443,1450,1444,1476,1470
1896,1466,1468,1461,1466,1496,1453
1897,1443,1445,1447,1445,1474,1437
1898,1408,1405,1397,1407,1447,1385
1899,1273,1268,1272,1273,1320,1281
1900,1472,1464,1480,1480,1480,1464
1901,1466,1459,1471,1474,1471,1457
1902,1444,1431,1455,1458,1456,1431
1903,1380,1370,1384,1389,1389,1369
1904,1311,1303,1315,1317,1315,1303
1905,1308,1297,1312,1314,1313,1297
1906,1270,1262,1274,1278,1275,1261
1907,1177,1171,1185,1185,1185,1170
1908,1075,1067,1081,1085,1083,1067
1909,929,919,934,936,936,919
1910,1627,1590,1602,1571,1639,1573
1911,1687,1675,1678,1654,1690,1668
1912,1660,1650,1670,1611,1681,1627
1913,1610,1601,1549,1487,1658,1487
1914,1635,1611,1580,1496,1658,1504
1915,1534,1517,1524,1488,1549,1498
1916,1448,1420,1452,1423,1457,1429
1917,1485,1453,1442,1406,1503,1413
1918,1366,1356,1345,1310,1401,1310
1919,1268,1238,1237,1180,1279,1187
1920,1389,1377,1382,1383,1387,1374
1921,1452,1452,1458,1455,1460,1447
1922,1461,1466,1480,1481,1483,1478
1923,1544,1536,1544,1546,1548,1532
1924,1558,1554,1562,1562,1560,1545
1925,1573,1568,1575,1575,1572,1566
1926,1575,1573,1566,1566,1557,1555
1927,1578,1573,1556,1556,1565,1553
1928,1520,1513,1498,1500,1504,1479
1929,1408,1397,1391,1387,1388,1371
1930,1465,1444,1452,1514,1479,1421
1931,1518,1506,1500,1575,1521,1461
1932,1511,1500,1488,1551,1496,1446
1933,1409,1392,1375,1459,1417,1312
1934,1400,1395,1388,1449,1401,1361
1935,1294,1297,1304,1340,1298,1290
1936,1283,1286,1285,1333,1287,1273
1937,1276,1284,1269,1350,1282,1284
1938,1190,1195,1182,1258,1185,1140
1939,1047,1050,1031,1098,1044,990
1940,1357,1355,1342,1374,1354,1314
1941,1418,1418,1407,1437,1415,1378
1942,1469,1472,1442,1487,1461,1408
1943,1470,1474,1440,1490,1470,1375
1944,1532,1532,1517,1548,1531,1456
1945,1501,1501,1478,1521,1495,1460
1946,1416,1416,1405,1425,1418,1388
1947,1352,1352,1346,1370,1344,1343
1948,1364,1363,1362,1376,1361,1367
1949,1391,1391,1382,1399,1389,1354
1950,1446,1404,1361,1456,1447,1309
1951,1460,1447,1416,1467,1462,1338
1952,1510,1477,1434,1516,1518,1407
1953,1497,1447,1394,1504,1505,1321
1954,1534,1486,1438,1541,1541,1387
1955,1596,1552,1516,1600,1601,1425
1956,1574,1539,1531,1575,1577,1438
1957,1556,1534,1514,1559,1559,1502
1958,1481,1459,1453,1491,1487,1430
1959,1517,1500,1448,1524,1519,1443
1960,1391,1422,1422,1442,1442,1383
1961,1376,1394,1395,1420,1424,1371
1962,1372,1375,1380,1400,1405,1366
1963,1350,1361,1357,1347,1357,1331
1964,1289,1289,1287,1272,1275,1290
1965,1221,1227,1228,1232,1236,1225
1966,1197,1207,1208,1239,1239,1191
1967,1161,1176,1175,1173,1178,1159
1968,1071,1087,1087,1092,1099,1051
1969,953,1000,1001,1002,1007,932
1970,1565,1567,1583,1586,1598,1566
1971,1568,1569,1578,1579,1586,1568
1972,1523,1523,1546,1546,1564,1520
1973,1491,1492,1513,1513,1513,1489
1974,1421,1421,1430,1430,1435,1420
1975,1363,1364,1376,1378,1384,1362
1976,1364,1364,1383,1384,1386,1364
1977,1319,1321,1330,1331,1338,1319
1978,1218,1218,1219,1224,1240,1215
1979,1087,1087,1108,1110,1126,1085
1980,1617,1588,1574,1634,1631,1555
1981,1637,1629,1607,1637,1633,1584
1982,1513,1485,1459,1527,1526,1450
1983,1483,1447,1413,1486,1488,1398
1984,1443,1392,1347,1449,1447,1315
1985,1382,1362,1332,1392,1390,1320
1986,1340,1305,1275,1349,1347,1247
1987,1323,1301,1268,1328,1330,1239
1988,1337,1317,1277,1352,1352,1254
1989,1343,1306,1272,1354,1352,1245
1990,1617,1600,1549,1641,1657,1507
1991,1581,1570,1524,1602,1610,1443
1992,1580,1565,1510,1601,1629,1418
1993,1585,1565,1521,1606,1635,1455
1994,1577,1562,1518,1602,1625,1428
1995,1539,1525,1462,1547,1559,1370
1996,1455,1416,1426,1476,1508,1357
1997,1405,1391,1370,1432,1455,1330
1998,1383,1374,1356,1397,1411,1312
1999,1283,1260,1243,1296,1320,1226
2000,1641,1628,1626,1654,1654,1626
2001,1689,1690,1676,1696,1697,1635
2002,1648,1641,1633,1644,1644,1599
2003,1589,1582,1560,1590,1590,1535
2004,1527,1518,1503,1526,1527,1502
2005,1459,1456,1456,1460,1461,1442
2006,1459,1451,1439,1453,1450,1420
2007,1515,1497,1475,1525,1525,1462
2008,1375,1360,1336,1379,1378,1327
2009,1282,1248,1219,1289,1289,1209
2010,1578,1594,1552,1574,1579,1531
2011,1525,1535,1509,1521,1529,1482
2012,1487,1521,1474,1493,1515,1432
2013,1491,1522,1445,1492,1518,1420
2014,1482,1512,1444,1490,1509,1408
2015,1398,1434,1358,1400,1427,1337
2016,1276,1319,1230,1281,1316,1230
2017,1163,1191,1116,1168,1188,1109
2018,998,1045,976,999,1031,960
2019,860,910,831,862,899,789
2020,1482,1446,1428,1416,1440,1370
2021,1555,1510,1484,1482,1508,1458
2022,1596,1559,1533,1531,1553,1500
2023,1585,1560,1537,1532,1551,1479
2024,1576,1560,1535,1531,1557,1470
2025,1523,1512,1508,1495,1517,1436
2026,1496,1482,1487,1486,1490,1444
2027,1446,1426,1428,1429,1425,1394
2028,1425,1407,1407,1402,1408,1357
2029,1405,1374,1349,1345,1371,1294
2030,1438,1446,1442,1448,1437,1438
2031,1490,1503,1495,1500,1476,1476
2032,1552,1564,1547,1562,1526,1527
2033,1570,1579,1572,1576,1556,1560
2034,1604,1608,1607,1608,1597,1600
2035,1558,1562,1557,1562,1539,1538
2036,1520,1536,1521,1530,1505,1511
2037,1493,1496,1487,1490,1474,1481
2038,1408,1419,1408,1413,1386,1402
2039,1307,1317,1308,1316,1289,1293
2040,1324,1288,1272,1316,1308,1244
2041,1356,1332,1328,1346,1342,1319
2042,1405,1383,1363,1399,1398,1347
2043,1454,1430,1408,1446,1446,1390
2044,1505,1492,1472,1500,1500,1448
2045,1492,1478,1475,1481,1480,1450
2046,1423,1424,1427,1425,1425,1420
2047,1414,1410,1405,1407,1407,1394
2048,1347,1337,1333,1341,1341,1329
2049,1277,1261,1254,1272,1272,1240
2050,1279,1269,1251,1279,1274,1235
2051,1323,1312,1301,1324,1315,1284
2052,1381,1352,1337,1381,1366,1304
2053,1422,1405,1379,1424,1413,1363
2054,1434,1411,1394,1435,1425,1370
2055,1354,1333,1307,1356,1348,1266
2056,1293,1274,1258,1293,1283,1237
2057,1261,1246,1232,1261,1252,1232
2058,1193,1179,1168,1194,1189,1157
2059,1222,1220,1205,1222,1225,1192
2060,1245,1241,1212,1250,1249,1133
2061,1392,1386,1376,1401,1400,1357
2062,1485,1480,1470,1488,1488,1417
2063,1597,1593,1566,1601,1602,1530
2064,1593,1585,1565,1605,1601,1530
2065,1586,1585,1552,1593,1588,1505
2066,1560,1553,1525,1566,1565,1465
2067,1562,1551,1515,1569,1569,1454
2068,1543,1542,1507,1547,1544,1474
2069,1504,1505,1494,1503,1504,1454
2070,1556,1554,1535,1545,1568,1498
2071,1584,1586,1580,1585,1598,1547
2072,1547,1538,1536,1535,1554,1496
2073,1487,1490,1493,1488,1501,1461
2074,1417,1414,1417,1417,1428,1374
2075,1401,1399,1399,1401,1417,1410
2076,1395,1394,1394,1394,1412,1372
2077,1314,1303,1305,1302,1332,1316
2078,1212,1213,1221,1215,1246,1202
2079,1113,1113,1106,1109,1129,1072
2080,1485,1451,1458,1448,1474,1404
2081,1499,1469,1465,1470,1499,1417
2082,1478,1461,1459,1465,1477,1404
2083,1389,1356,1370,1357,1389,1309
2084,1357,1328,1321,1332,1357,1298
2085,1330,1301,1307,1312,1330,1279
2086,1328,1301,1287,1304,1328,1269
2087,1323,1300,1279,1306,1323,1219
2088,1309,1280,1273,1282,1309,1244
2089,1283,1247,1226,1255,1283,1195
2090,1548,1540,1532,1525,1535,1524
2091,1485,1476,1464,1440,1485,1462
2092,1430,1427,1413,1389,1431,1408
2093,1475,1465,1452,1429,1467,1445
2094,1371,1367,1357,1327,1371,1350
2095,1327,1313,1307,1268,1318,1288
2096,1280,1270,1255,1238,1280,1245
2097,1240,1233,1225,1206,1242,1216
2098,1232,1233,1215,1205,1232,1208
2099,1276,1266,1252,1225,1273,1239
2100,1443,1417,1391,1378,1436,1357
2101,1468,1450,1433,1415,1464,1382
2102,1522,1511,1497,1471,1513,1448
2103,1545,1534,1525,1493,1534,1477
2104,1469,1457,1467,1462,1463,1458
2105,1509,1500,1500,1483,1500,1465
2106,1430,1422,1415,1400,1428,1391
2107,1323,1316,1304,1288,1317,1268
2108,1229,1223,1211,1166,1226,1151
2109,1143,1134,1118,1080,1142,1046
2110,1485,1497,1508,1485,1492,1496
2111,1503,1514,1519,1503,1510,1514
2112,1504,1510,1517,1504,1510,1512
2113,1475,1478,1486,1475,1473,1479
2114,1459,1469,1476,1461,1469,1470
2115,1392,1392,1391,1393,1392,1394
2116,1363,1370,1382,1363,1368,1375
2117,1356,1364,1374,1357,1360,1368
2118,1280,1293,1304,1280,1284,1292
2119,1214,1218,1230,1214,1218,1224
2120,1777,1778,1754,1769,1771,1755
2121,1709,1697,1686,1713,1713,1676
2122,1636,1632,1620,1643,1642,1606
2123,1579,1564,1549,1576,1575,1543
2124,1524,1515,1498,1526,1526,1482
2125,1475,1456,1439,1473,1474,1436
2126,1449,1430,1430,1475,1475,1413
2127,1431,1418,1407,1452,1452,1393
2128,1348,1324,1317,1365,1366,1303
2129,1287,1278,1269,1309,1310,1248
2130,1337,1317,1306,1356,1357,1293
2131,1438,1425,1407,1480,1477,1393
2132,1460,1445,1423,1500,1498,1405
2133,1498,1491,1468,1542,1541,1434
2134,1461,1441,1423,1478,1479,1422
2135,1413,1398,1380,1439,1437,1376
2136,1422,1408,1390,1428,1429,1349
2137,1281,1278,1264,1312,1313,1272
2138,1289,1281,1273,1307,1304,1285
2139,1254,1244,1229,1295,1295,1202
2140,1571,1534,1478,1530,1532,1483
2141,1534,1480,1431,1486,1486,1392
2142,1456,1422,1384,1427,1419,1353
2143,1361,1307,1273,1310,1306,1261
2144,1262,1223,1168,1224,1219,1194
2145,1259,1206,1154,1206,1205,1160
2146,1210,1166,1127,1172,1163,1143
2147,1230,1208,1171,1215,1206,1173
2148,1253,1217,1187,1220,1216,1169
2149,1216,1169,1138,1171,1163,1102
2150,1503,1478,1453,1512,1529,1454
2151,1532,1521,1494,1536,1544,1460
2152,1592,1562,1541,1589,1593,1535
2153,1650,1620,1614,1658,1661,1575
2154,1601,1587,1579,1621,1625,1553
2155,1538,1523,1504,1544,1548,1499
2156,1477,1454,1452,1489,1495,1448
2157,1475,1445,1443,1479,1488,1439
2158,1476,1445,1429,1486,1494,1411
2159,1307,1283,1267,1318,1328,1228
2160,1168,1180,1160,1153,1180,1099
2161,1165,1177,1156,1135,1169,1091
2162,1133,1151,1127,1113,1151,1105
2163,1141,1159,1142,1131,1156,1110
2164,1183,1181,1180,1176,1183,1147
2165,1144,1164,1138,1139,1162,1149
2166,1157,1145,1157,1162,1141,1111
2167,1165,1154,1166,1163,1150,1115
2168,1102,1093,1101,1123,1098,1109
2169,1064,1069,1060,1056,1079,1032
2170,1624,1625,1614,1612,1625,1602
2171,1588,1585,1580,1582,1585,1571
2172,1531,1526,1521,1520,1527,1499
2173,1428,1424,1413,1422,1423,1397
2174,1379,1372,1357,1358,1373,1339
2175,1335,1322,1317,1318,1322,1304
2176,1347,1342,1336,1340,1342,1318
2177,1362,1357,1343,1351,1360,1315
2178,1260,1252,1236,1247,1252,1217
2179,1167,1160,1145,1148,1161,1121
2180,1950,1926,1904,1962,1964,1867
2181,1891,1863,1874,1896,1897,1823
2182,1849,1818,1812,1855,1854,1789
2183,1753,1718,1718,1773,1771,1682
2184,1642,1608,1597,1647,1647,1563
2185,1622,1601,1596,1630,1629,1554
2186,1607,1581,1572,1611,1611,1532
2187,1500,1468,1455,1515,1505,1411
2188,1416,1383,1367,1426,1426,1333
2189,1312,1287,1269,1322,1319,1214
2190,1483,1529,1508,1836,1458,1465
2191,1564,1616,1576,1952,1543,1562
2192,1628,1695,1661,1985,1620,1618
2193,1590,1636,1611,1992,1548,1585
2194,1565,1593,1587,1803,1552,1556
2195,1488,1517,1503,1764,1496,1481
2196,1426,1470,1453,1723,1456,1423
2197,1482,1523,1521,1756,1505,1473
2198,1503,1508,1508,1765,1476,1504
2199,1454,1467,1463,1739,1446,1444
2200,1721,1706,1682,1683,1743,1669
2201,1734,1721,1688,1696,1740,1667
2202,1763,1759,1739,1744,1776,1673
2203,1773,1766,1730,1735,1793,1667
2204,1704,1699,1672,1683,1739,1612
2205,1629,1622,1605,1607,1641,1598
2206,1646,1638,1612,1616,1658,1588
2207,1588,1576,1560,1563,1604,1546
2208,1493,1485,1467,1471,1505,1448
2209,1418,1413,1398,1398,1436,1367
2210,1696,1692,1678,1691,1702,1672
2211,1683,1693,1667,1672,1693,1655
2212,1605,1595,1582,1586,1615,1572
2213,1518,1513,1491,1503,1518,1470
2214,1548,1526,1504,1511,1549,1487
2215,1550,1538,1502,1512,1548,1484
2216,1509,1482,1462,1469,1505,1451
2217,1425,1384,1356,1371,1418,1330
2218,1283,1266,1252,1258,1285,1249
2219,1141,1115,1091,1096,1146,1073
2220,1474,1470,1452,1495,1485,1411
2221,1432,1424,1393,1445,1448,1347
2222,1326,1328,1300,1388,1370,1250
2223,1325,1311,1287,1339,1335,1239
2224,1296,1283,1286,1318,1313,1250
2225,1276,1282,1276,1311,1291,1245
2226,1294,1292,1277,1325,1305,1240
2227,1290,1277,1261,1319,1305,1216
2228,1213,1189,1179,1248,1226,1156
2229,1055,1043,1014,1105,1087,1037
2230,1324,1321,1310,1289,1319,1291
2231,1354,1354,1345,1335,1350,1332
2232,1405,1393,1385,1366,1387,1365
2233,1467,1461,1448,1442,1461,1442
2234,1465,1471,1434,1434,1468,1434
2235,1447,1446,1415,1413,1447,1413
2236,1405,1401,1383,1383,1404,1380
2237,1383,1385,1370,1359,1381,1360
2238,1377,1373,1353,1344,1372,1345
2239,1383,1380,1346,1332,1380,1330
2240,1576,1556,1525,1583,1580,1483
2241,1574,1546,1531,1579,1580,1488
2242,1599,1565,1552,1601,1604,1518
2243,1567,1529,1486,1573,1572,1439
2244,1467,1438,1392,1472,1464,1347
2245,1398,1363,1324,1409,1406,1310
2246,1373,1338,1278,1378,1381,1337
2247,1365,1339,1294,1369,1367,1319
2248,1339,1309,1250,1348,1343,1279
2249,1296,1272,1231,1304,1303,1212
2250,1411,1421,1420,1426,1457,1388
2251,1438,1454,1451,1447,1481,1414
2252,1415,1425,1419,1425,1450,1402
2253,1403,1410,1407,1406,1422,1389
2254,1342,1354,1342,1345,1377,1331
2255,1293,1323,1315,1307,1339,1282
2256,1232,1242,1241,1237,1258,1215
2257,1175,1183,1182,1176,1207,1154
2258,1064,1071,1068,1069,1094,1056
2259,916,944,943,932,959,905
2260,1782,1784,1781,1781,1782,1771
2261,1776,1775,1769,1774,1769,1767
2262,1712,1706,1706,1704,1706,1696
2263,1651,1647,1640,1646,1640,1637
2264,1585,1586,1581,1580,1581,1573
2265,1540,1538,1528,1534,1528,1526
2266,1574,1569,1563,1567,1563,1549
2267,1513,1509,1507,1509,1508,1498
2268,1417,1407,1403,1407,1403,1391
2269,1316,1312,1309,1310,1309,1286
2270,1265,1242,1225,1229,1263,1217
2271,1291,1291,1263,1262,1298,1248
2272,1299,1292,1273,1284,1310,1258
2273,1281,1261,1240,1241,1293,1213
2274,1335,1325,1298,1305,1345,1276
2275,1370,1359,1350,1356,1390,1337
2276,1370,1360,1328,1332,1370,1329
2277,1305,1284,1255,1266,1317,1259
2278,1287,1283,1213,1226,1302,1232
2279,1264,1244,1191,1202,1277,1204
2280,1488,1484,1454,1502,1509,1426
2281,1478,1477,1449,1489,1494,1434
2282,1468,1466,1444,1479,1484,1398
2283,1477,1474,1438,1491,1496,1371
2284,1382,1373,1353,1410,1422,1327
2285,1361,1360,1362,1374,1375,1329
2286,1323,1319,1326,1324,1335,1293
2287,1337,1332,1324,1344,1349,1317
2288,1335,1329,1313,1345,1355,1293
2289,1215,1210,1201,1225,1239,1185
2290,1785,1795,1807,1792,1807,1785
2291,1815,1823,1817,1821,1828,1808
2292,1720,1723,1757,1726,1738,1718
2293,1696,1687,1707,1704,1698,1681
2294,1732,1737,1739,1746,1754,1708
2295,1596,1607,1623,1614,1623,1623
2296,1592,1588,1597,1607,1619,1595
2297,1605,1610,1614,1606,1609,1579
2298,1517,1520,1522,1522,1527,1490
2299,1385,1364,1339,1387,1391,1314
2300,1416,1414,1391,1457,1451,1357
2301,1424,1424,1413,1471,1464,1360
2302,1435,1435,1413,1472,1473,1351
2303,1383,1373,1358,1424,1416,1284
2304,1316,1306,1300,1357,1354,1243
2305,1281,1279,1270,1296,1292,1220
2306,1267,1272,1273,1282,1275,1233
2307,1252,1253,1246,1283,1271,1240
2308,1180,1177,1174,1201,1203,1134
2309,1075,1073,1059,1103,1090,1032
2310,1555,1558,1546,1574,1581,1527
2311,1587,1581,1573,1592,1601,1543
2312,1546,1538,1526,1550,1563,1499
2313,1501,1497,1490,1506,1506,1478
2314,1418,1409,1394,1427,1429,1379
2315,1386,1388,1359,1407,1413,1339
2316,1425,1425,1412,1448,1457,1389
2317,1391,1381,1365,1408,1414,1353
2318,1289,1268,1259,1311,1315,1240
2319,1186,1172,1159,1202,1207,1142
2320,1686,1687,1664,1683,1690,1598
2321,1671,1658,1618,1665,1670,1574
2322,1595,1574,1535,1595,1601,1452
2323,1512,1493,1437,1516,1517,1391
2324,1441,1433,1403,1442,1451,1359
2325,1437,1429,1398,1438,1447,1381
2326,1465,1450,1394,1464,1467,1411
2327,1430,1412,1345,1423,1439,1322
2328,1278,1263,1226,1276,1287,1188
2329,1090,1089,1053,1090,1102,1052
2330,1314,1308,1294,1340,1350,1253
2331,1265,1259,1247,1283,1284,1251
2332,1256,1255,1260,1274,1282,1244
2333,1273,1273,1268,1296,1296,1262
2334,1241,1237,1225,1253,1258,1170
2335,1141,1136,1125,1152,1159,1117
2336,983,979,973,1010,1014,954
2337,816,812,802,850,857,747
2338,714,708,690,743,746,648
2339,593,592,573,621,629,536
2340,1651,1666,1692,1623,1652,1688
2341,1606,1639,1639,1584,1612,1636
2342,1580,1608,1618,1558,1584,1613
2343,1548,1582,1581,1530,1551,1581
2344,1535,1541,1551,1508,1535,1549
2345,1439,1473,1477,1422,1441,1474
2346,1407,1419,1446,1380,1410,1438
2347,1419,1423,1444,1393,1417,1442
2348,1343,1361,1389,1332,1346,1389
2349,1271,1306,1330,1247,1271,1323
2350,1476,1482,1468,1473,1461,1449
2351,1577,1584,1576,1577,1563,1550
2352,1597,1598,1590,1596,1578,1562
2353,1607,1624,1601,1605,1600,1586
2354,1596,1599,1597,1597,1595,1584
2355,1546,1547,1550,1547,1543,1532
2356,1495,1498,1497,1496,1487,1491
2357,1463,1468,1463,1462,1446,1426
2358,1421,1425,1423,1422,1411,1403
2359,1345,1350,1335,1343,1328,1318
2360,1363,1355,1337,1328,1364,1298
2361,1419,1406,1388,1365,1421,1364
2362,1460,1442,1422,1405,1460,1404
2363,1521,1507,1485,1452,1526,1441
2364,1537,1534,1508,1485,1541,1457
2365,1509,1500,1477,1450,1514,1450
2366,1405,1397,1378,1369,1399,1377
2367,1431,1421,1404,1388,1426,1427
2368,1454,1447,1428,1404,1450,1416
2369,1322,1313,1289,1273,1325,1296
2370,1634,1637,1619,1597,1652,1607
2371,1706,1709,1697,1681,1710,1691
2372,1753,1756,1745,1720,1757,1722
2373,1742,1740,1740,1704,1746,1721
2374,1680,1676,1684,1657,1677,1667
2375,1582,1580,1583,1567,1584,1572
2376,1505,1507,1505,1485,1504,1497
2377,1480,1479,1477,1449,1482,1456
2378,1536,1538,1532,1506,1541,1512
2379,1424,1429,1412,1392,1442,1401
2380,1398,1402,1398,1423,1422,1380
2381,1429,1427,1420,1444,1442,1384
2382,1422,1421,1408,1470,1466,1331
2383,1407,1397,1377,1453,1455,1354
2384,1376,1374,1373,1393,1395,1363
2385,1352,1353,1349,1359,1354,1303
2386,1325,1324,1335,1320,1317,1315
2387,1295,1291,1289,1294,1296,1299
2388,1224,1222,1216,1234,1234,1185
2389,1098,1096,1093,1125,1127,1072
2390,1564,1555,1546,1556,1555,1514
2391,1596,1583,1578,1585,1582,1548
2392,1572,1571,1563,1570,1571,1536
2393,1530,1524,1524,1520,1520,1498
2394,1458,1452,1451,1450,1453,1430
2395,1456,1437,1431,1446,1442,1413
2396,1381,1370,1365,1375,1372,1352
2397,1279,1265,1261,1273,1270,1228
2398,1132,1116,1105,1125,1117,1088
2399,1016,1001,995,1007,1003,975
2400,1302,1313,1324,1298,1293,1312
2401,1346,1346,1352,1340,1332,1346
2402,1380,1388,1384,1375,1365,1387
2403,1436,1438,1455,1425,1422,1436
2404,1481,1482,1493,1472,1465,1481
2405,1460,1474,1488,1454,1446,1472
2406,1406,1409,1420,1405,1399,1409
2407,1391,1393,1400,1387,1383,1393
2408,1365,1365,1383,1359,1352,1366
2409,1366,1370,1387,1360,1353,1369
2410,1340,1382,1339,1338,1349,1307
2411,1408,1442,1407,1395,1421,1337
2412,1436,1484,1437,1425,1446,1363
2413,1394,1438,1393,1383,1405,1331
2414,1319,1340,1319,1317,1320,1288
2415,1307,1329,1307,1303,1307,1273
2416,1252,1287,1251,1242,1253,1211
2417,1203,1229,1203,1202,1210,1179
2418,1239,1251,1237,1225,1239,1172
2419,1116,1158,1113,1095,1132,1062
2420,1673,1652,1638,1685,1694,1604
2421,1641,1611,1599,1650,1663,1531
2422,1622,1601,1588,1642,1662,1546
2423,1567,1563,1539,1586,1609,1507
2424,1493,1505,1486,1503,1529,1439
2425,1502,1502,1511,1511,1518,1464
2426,1495,1482,1461,1507,1542,1418
2427,1410,1396,1403,1429,1445,1365
2428,1304,1306,1288,1328,1346,1239
2429,1123,1118,1117,1146,1192,1113
2430,1196,1180,1159,1183,1163,1142
2431,1267,1240,1222,1238,1219,1206
2432,1374,1359,1335,1359,1333,1311
2433,1340,1325,1261,1324,1278,1231
2434,1388,1367,1317,1367,1322,1299
2435,1356,1350,1318,1349,1318,1300
2436,1249,1236,1194,1236,1198,1174
2437,1204,1184,1139,1183,1144,1125
2438,1150,1145,1117,1145,1113,1113
2439,1089,1086,1078,1085,1070,1073
2440,1311,1309,1311,1300,1293,1310
2441,1371,1367,1370,1382,1379,1374
2442,1445,1437,1443,1444,1439,1439
2443,1453,1457,1453,1473,1463,1454
2444,1458,1459,1458,1483,1471,1453
2445,1451,1462,1451,1481,1471,1441
2446,1440,1441,1441,1472,1461,1431
2447,1407,1410,1407,1418,1412,1395
2448,1356,1357,1356,1366,1366,1350
2449,1284,1287,1284,1291,1286,1275
2450,1616,1616,1612,1614,1619,1603
2451,1578,1579,1575,1577,1576,1561
2452,1564,1570,1560,1563,1563,1541
2453,1486,1490,1483,1485,1485,1465
2454,1498,1502,1484,1498,1485,1463
2455,1475,1478,1461,1475,1460,1438
2456,1389,1391,1380,1389,1376,1339
2457,1267,1271,1255,1267,1254,1220
2458,1151,1151,1145,1150,1146,1121
2459,1034,1037,1030,1034,1030,1010
2460,1448,1448,1423,1453,1480,1425
2461,1472,1452,1441,1466,1505,1439
2462,1548,1535,1505,1543,1573,1486
2463,1507,1490,1456,1504,1528,1432
2464,1474,1458,1446,1467,1505,1422
2465,1419,1404,1397,1415,1427,1388
2466,1341,1301,1306,1336,1360,1322
2467,1388,1350,1356,1373,1411,1387
2468,1367,1345,1330,1355,1409,1371
2469,1278,1251,1250,1266,1322,1279
2470,1545,1527,1521,1545,1553,1507
2471,1531,1513,1508,1534,1536,1476
2472,1558,1540,1539,1558,1563,1485
2473,1575,1563,1548,1575,1579,1499
2474,1542,1532,1530,1546,1546,1484
2475,1476,1463,1463,1476,1476,1454
2476,1456,1447,1444,1457,1472,1436
2477,1448,1424,1419,1454,1462,1421
2478,1326,1313,1306,1330,1339,1311
2479,1208,1182,1181,1207,1218,1186
2480,1402,1402,1384,1427,1396,1384
2481,1450,1452,1441,1470,1449,1419
2482,1519,1514,1498,1534,1509,1462
2483,1584,1580,1558,1600,1573,1511
2484,1582,1581,1573,1593,1583,1526
2485,1506,1507,1497,1517,1502,1448
2486,1482,1480,1465,1492,1477,1466
2487,1450,1451,1448,1459,1449,1429
2488,1428,1425,1410,1440,1422,1380
2489,1338,1329,1314,1344,1321,1299
2490,1529,1524,1515,1548,1513,1491
2491,1573,1563,1555,1583,1555,1539
2492,1581,1571,1563,1582,1562,1549
2493,1539,1525,1512,1544,1509,1506
2494,1463,1456,1449,1477,1449,1422
2495,1409,1404,1399,1420,1400,1385
2496,1374,1362,1344,1388,1344,1324
2497,1336,1327,1315,1362,1316,1288
2498,1261,1255,1233,1277,1233,1202
2499,1172,1164,1154,1181,1154,1119
2500,1568,1568,1510,1569,1569,1506
2501,1525,1525,1466,1525,1525,1439
2502,1509,1510,1447,1510,1510,1429
2503,1522,1521,1487,1521,1521,1469
2504,1476,1476,1444,1475,1475,1417
2505,1359,1362,1319,1362,1362,1296
2506,1357,1360,1311,1360,1360,1305
2507,1361,1361,1316,1361,1361,1289
2508,1263,1263,1228,1263,1263,1204
2509,1163,1163,1109,1163,1163,1102
2510,1482,1474,1458,1457,1489,1447
2511,1449,1436,1416,1385,1449,1373
2512,1392,1373,1356,1353,1396,1333
2513,1402,1397,1351,1338,1404,1332
2514,1306,1293,1281,1278,1319,1263
2515,1291,1285,1276,1270,1292,1270
2516,1283,1267,1254,1243,1289,1226
2517,1232,1227,1211,1217,1235,1214
2518,1150,1143,1128,1135,1151,1111
2519,1028,1021,1007,1012,1031,999
2520,1357,1343,1325,1366,1341,1305
2521,1368,1360,1332,1384,1354,1322
2522,1398,1389,1342,1415,1388,1305
2523,1441,1421,1380,1461,1416,1325
2524,1403,1404,1352,1426,1397,1312
2525,1353,1345,1323,1371,1345,1321
2526,1305,1296,1285,1330,1292,1296
2527,1303,1282,1261,1324,1270,1272
2528,1243,1232,1208,1258,1216,1179
2529,1132,1116,1088,1153,1111,1075
2530,1421,1414,1414,1492,1525,1412
2531,1466,1446,1452,1520,1536,1448
2532,1468,1437,1444,1513,1528,1439
2533,1458,1450,1454,1484,1503,1451
2534,1410,1392,1398,1410,1423,1391
2535,1378,1378,1381,1394,1409,1378
2536,1303,1285,1297,1333,1349,1284
2537,1264,1237,1253,1263,1285,1238
2538,1162,1136,1150,1151,1170,1137
2539,1042,1001,1036,1058,1076,1000
2540,1619,1612,1611,1636,1621,1583
2541,1633,1622,1610,1648,1638,1574
2542,1582,1575,1536,1598,1585,1494
2543,1507,1500,1504,1536,1524,1475
2544,1440,1423,1423,1471,1465,1400
2545,1421,1411,1402,1455,1431,1384
2546,1405,1390,1390,1428,1412,1386
2547,1332,1331,1330,1354,1341,1310
2548,1291,1287,1281,1313,1310,1270
2549,1207,1194,1194,1234,1226,1185
2550,1560,1551,1543,1561,1579,1524
2551,1580,1580,1568,1583,1595,1533
2552,1625,1623,1598,1629,1632,1532
2553,1599,1602,1584,1607,1606,1496
2554,1563,1550,1542,1563,1570,1471
2555,1486,1465,1464,1488,1489,1405
2556,1485,1476,1470,1493,1490,1423
2557,1507,1502,1497,1510,1523,1478
2558,1448,1449,1438,1460,1468,1424
2559,1375,1376,1392,1380,1407,1375
2560,1707,1709,1695,1711,1704,1656
2561,1621,1620,1605,1618,1622,1626
2562,1501,1483,1481,1480,1502,1490
2563,1517,1505,1487,1497,1520,1497
2564,1510,1489,1473,1484,1514,1447
2565,1427,1408,1406,1406,1429,1368
2566,1319,1308,1301,1305,1321,1272
2567,1229,1209,1195,1209,1228,1164
2568,1021,992,984,989,1025,929
2569,870,854,841,852,867,778
2570,1334,1334,1331,1368,1349,1337
2571,1376,1376,1367,1410,1369,1371
2572,1357,1357,1357,1384,1341,1349
2573,1299,1300,1294,1319,1296,1278
2574,1215,1214,1209,1231,1237,1231
2575,1153,1153,1148,1163,1165,1166
2576,1181,1175,1179,1187,1172,1187
2577,1140,1140,1135,1161,1134,1146
2578,1046,1046,1039,1075,1033,1039
2579,939,934,933,967,910,926
2580,1477,1466,1471,1447,1494,1445
2581,1529,1529,1523,1536,1538,1523
2582,1489,1497,1470,1490,1501,1457
2583,1429,1420,1413,1389,1430,1411
2584,1357,1352,1347,1349,1350,1339
2585,1333,1333,1343,1342,1349,1331
2586,1324,1325,1336,1332,1347,1317
2587,1360,1361,1361,1380,1371,1356
2588,1427,1427,1427,1441,1439,1421
2589,1451,1443,1442,1433,1458,1434
2590,1470,1469,1452,1456,1473,1441
2591,1429,1419,1407,1413,1437,1368
2592,1482,1466,1455,1471,1487,1356
2593,1434,1438,1421,1435,1440,1368
2594,1356,1351,1343,1346,1357,1295
2595,1371,1367,1347,1352,1375,1299
2596,1336,1331,1326,1328,1343,1300
2597,1326,1316,1308,1311,1332,1301
2598,1292,1283,1269,1276,1298,1257
2599,1194,1194,1178,1185,1195,1160
2600,1490,1468,1441,1532,1505,1418
2601,1529,1513,1493,1551,1533,1472
2602,1547,1527,1509,1584,1565,1494
2603,1591,1572,1540,1614,1590,1513
2604,1536,1519,1505,1554,1553,1481
2605,1476,1466,1453,1482,1479,1421
2606,1447,1432,1408,1452,1442,1414
2607,1339,1322,1305,1373,1341,1355
2608,1352,1326,1331,1361,1344,1311
2609,1406,1398,1345,1430,1411,1323
2610,1394,1361,1333,1363,1398,1294
2611,1453,1442,1435,1441,1469,1402
2612,1450,1446,1450,1448,1472,1377
2613,1488,1489,1496,1488,1519,1460
2614,1482,1478,1478,1479,1501,1429
2615,1428,1422,1430,1422,1444,1424
2616,1426,1418,1416,1417,1442,1399
2617,1415,1421,1424,1423,1454,1413
2618,1323,1310,1301,1309,1360,1298
2619,1165,1162,1159,1159,1204,1155
2620,1338,1328,1288,1269,1343,1277
2621,1434,1410,1371,1349,1434,1362
2622,1486,1455,1415,1389,1486,1399
2623,1536,1516,1480,1454,1536,1475
2624,1526,1504,1464,1456,1525,1454
2625,1505,1500,1459,1424,1508,1444
2626,1469,1451,1440,1420,1471,1441
2627,1405,1378,1358,1394,1404,1396
2628,1404,1382,1369,1366,1407,1367
2629,1335,1318,1296,1301,1335,1291
2630,1365,1352,1328,1294,1341,1297
2631,1417,1377,1324,1326,1354,1311
2632,1433,1433,1391,1376,1421,1377
2633,1462,1450,1428,1345,1432,1363
2634,1336,1315,1302,1268,1311,1289
2635,1325,1323,1304,1252,1319,1269
2636,1329,1320,1307,1261,1312,1275
2637,1380,1357,1326,1309,1352,1312
2638,1275,1256,1182,1174,1215,1168
2639,1193,1169,1100,1114,1113,1106
2640,1365,1360,1353,1319,1349,1346
2641,1415,1422,1414,1371,1409,1404
2642,1438,1437,1435,1369,1433,1428
2643,1486,1473,1469,1430,1466,1464
2644,1517,1500,1492,1432,1486,1473
2645,1484,1474,1462,1427,1458,1451
2646,1452,1439,1435,1393,1433,1420
2647,1416,1408,1407,1380,1403,1395
2648,1403,1398,1397,1371,1398,1390
2649,1391,1390,1386,1338,1378,1363
