,Unnamed: 0,Original masks,+40%,+60%,-40%
0,0,1738,1799,1852,1617
1,1,1776,1817,1833,1676
2,2,1762,1810,1819,1631
3,3,1717,1775,1783,1616
4,4,1645,1684,1702,1544
5,5,1576,1619,1637,1492
6,6,1547,1620,1649,1468
7,7,1556,1626,1651,1446
8,8,1438,1514,1563,1379
9,9,1332,1411,1437,1269
10,10,1186,1227,1247,1059
11,11,1221,1255,1298,1170
12,12,1284,1328,1369,1231
13,13,1287,1318,1340,1227
14,14,1270,1326,1345,1170
15,15,1270,1322,1337,1167
16,16,1251,1304,1328,1182
17,17,1214,1256,1273,1159
18,18,1207,1249,1259,1122
19,19,1199,1254,1260,1131
20,20,1481,1537,1554,1403
21,21,1513,1560,1581,1433
22,22,1490,1553,1569,1358
23,23,1445,1499,1525,1334
24,24,1430,1497,1514,1353
25,25,1361,1422,1440,1306
26,26,1294,1365,1390,1278
27,27,1261,1333,1347,1217
28,28,1173,1225,1252,1052
29,29,1085,1125,1161,991
30,30,1378,1430,1472,1307
31,31,1401,1460,1499,1269
32,32,1422,1481,1506,1322
33,33,1495,1549,1563,1390
34,34,1439,1469,1498,1358
35,35,1350,1418,1448,1243
36,36,1336,1383,1417,1233
37,37,1331,1376,1400,1217
38,38,1332,1372,1402,1260
39,39,1297,1352,1388,1250
40,40,1231,1297,1320,1121
41,41,1259,1331,1360,1175
42,42,1241,1328,1370,1149
43,43,1290,1342,1366,1203
44,44,1257,1300,1323,1165
45,45,1174,1206,1226,1091
46,46,1180,1192,1213,1109
47,47,1124,1176,1189,1057
48,48,1128,1180,1208,1071
49,49,1119,1159,1175,1044
50,50,1300,1335,1341,1195
51,51,1301,1385,1389,1199
52,52,1378,1435,1469,1275
53,53,1373,1438,1470,1285
54,54,1432,1476,1496,1338
55,55,1463,1507,1532,1346
56,56,1418,1468,1479,1342
57,57,1321,1382,1387,1288
58,58,1252,1294,1319,1237
59,59,1261,1294,1315,1186
60,60,1369,1443,1469,1286
61,61,1401,1452,1484,1309
62,62,1410,1458,1472,1312
63,63,1457,1501,1527,1336
64,64,1480,1550,1571,1352
65,65,1508,1569,1587,1429
66,66,1475,1519,1544,1457
67,67,1461,1510,1539,1428
68,68,1411,1491,1518,1351
69,69,1337,1395,1414,1282
70,70,1755,1831,1862,1710
71,71,1757,1807,1842,1690
72,72,1759,1807,1843,1679
73,73,1694,1741,1759,1623
74,74,1635,1682,1712,1578
75,75,1603,1674,1703,1538
76,76,1528,1604,1621,1465
77,77,1431,1501,1518,1358
78,78,1310,1364,1383,1234
79,79,1180,1235,1267,1092
80,80,1455,1536,1574,1389
81,81,1555,1603,1619,1456
82,82,1594,1649,1675,1460
83,83,1614,1663,1691,1489
84,84,1531,1587,1614,1480
85,85,1452,1511,1534,1435
86,86,1403,1467,1480,1363
87,87,1440,1508,1527,1386
88,88,1449,1506,1530,1392
89,89,1278,1351,1398,1217
90,90,1395,1468,1486,1254
91,91,1406,1482,1499,1288
92,92,1434,1492,1512,1318
93,93,1412,1462,1475,1245
94,94,1379,1416,1422,1223
95,95,1325,1352,1357,1167
96,96,1226,1259,1273,1151
97,97,1200,1233,1249,1140
98,98,1207,1253,1271,1139
99,99,1197,1246,1264,1104
100,100,1347,1401,1425,1271
101,101,1377,1455,1478,1301
102,102,1452,1510,1538,1356
103,103,1500,1551,1575,1406
104,104,1478,1517,1554,1398
105,105,1442,1471,1491,1365
106,106,1387,1415,1428,1371
107,107,1392,1424,1443,1314
108,108,1314,1352,1367,1236
109,109,1225,1281,1300,1151
110,110,1424,1479,1503,1371
111,111,1445,1516,1558,1371
112,112,1509,1550,1585,1435
113,113,1549,1590,1626,1473
114,114,1549,1596,1625,1470
115,115,1489,1523,1553,1419
116,116,1418,1459,1495,1368
117,117,1372,1418,1449,1310
118,118,1406,1454,1475,1297
119,119,1329,1380,1401,1226
120,120,1439,1513,1548,1297
121,121,1514,1598,1627,1411
122,122,1559,1607,1646,1445
123,123,1565,1596,1628,1447
124,124,1509,1555,1579,1405
125,125,1406,1487,1506,1342
126,126,1425,1473,1503,1362
127,127,1468,1519,1550,1406
128,128,1373,1411,1454,1293
129,129,1269,1326,1356,1172
130,130,1502,1585,1612,1443
131,131,1534,1601,1624,1451
132,132,1597,1649,1672,1492
133,133,1661,1695,1710,1542
134,134,1646,1696,1722,1536
135,135,1586,1637,1660,1525
136,136,1579,1634,1647,1528
137,137,1536,1605,1623,1484
138,138,1461,1516,1540,1407
139,139,1390,1444,1478,1341
140,140,1472,1536,1556,1425
141,141,1519,1584,1616,1473
142,142,1528,1555,1601,1465
143,143,1467,1495,1514,1367
144,144,1380,1410,1450,1334
145,145,1323,1366,1392,1265
146,146,1338,1384,1402,1258
147,147,1297,1353,1382,1244
148,148,1203,1266,1296,1145
149,149,1103,1161,1183,1002
150,150,1349,1421,1462,1250
151,151,1401,1465,1490,1326
152,152,1453,1512,1549,1362
153,153,1475,1524,1540,1363
154,154,1415,1452,1470,1316
155,155,1338,1385,1412,1309
156,156,1319,1370,1400,1268
157,157,1312,1379,1416,1244
158,158,1320,1367,1387,1228
159,159,1174,1235,1258,1091
160,160,1737,1785,1823,1658
161,161,1713,1760,1797,1601
162,162,1700,1750,1793,1626
163,163,1684,1752,1777,1608
164,164,1618,1687,1707,1538
165,165,1601,1643,1674,1531
166,166,1593,1643,1682,1518
167,167,1528,1575,1618,1460
168,168,1412,1467,1525,1364
169,169,1326,1373,1399,1258
170,170,1752,1801,1836,1670
171,171,1802,1856,1884,1710
172,172,1789,1843,1863,1697
173,173,1743,1805,1826,1627
174,174,1701,1746,1785,1610
175,175,1651,1717,1747,1603
176,176,1632,1679,1699,1567
177,177,1549,1612,1642,1485
178,178,1444,1506,1538,1390
179,179,1325,1374,1404,1249
180,180,1662,1728,1751,1530
181,181,1658,1712,1736,1543
182,182,1596,1649,1674,1494
183,183,1573,1615,1629,1462
184,184,1478,1526,1544,1368
185,185,1442,1506,1531,1364
186,186,1466,1515,1535,1353
187,187,1453,1503,1512,1345
188,188,1350,1422,1442,1292
189,189,1280,1353,1376,1197
190,190,1731,1832,1875,1662
191,191,1720,1789,1831,1669
192,192,1711,1764,1807,1633
193,193,1660,1732,1765,1578
194,194,1557,1627,1661,1488
195,195,1572,1627,1657,1510
196,196,1536,1604,1631,1462
197,197,1466,1509,1526,1405
198,198,1353,1416,1435,1290
199,199,1207,1248,1272,1152
200,200,1477,1520,1562,1442
201,201,1545,1596,1623,1440
202,202,1544,1596,1615,1474
203,203,1498,1530,1560,1437
204,204,1420,1443,1467,1390
205,205,1332,1359,1382,1302
206,206,1328,1366,1390,1283
207,207,1265,1306,1325,1193
208,208,1158,1202,1216,1111
209,209,1064,1089,1106,971
210,210,1484,1569,1601,1404
211,211,1512,1577,1599,1409
212,212,1529,1592,1616,1454
213,213,1588,1647,1675,1515
214,214,1603,1655,1674,1498
215,215,1586,1606,1622,1500
216,216,1452,1498,1533,1403
217,217,1362,1439,1478,1359
218,218,1376,1438,1475,1330
219,219,1334,1400,1434,1276
220,220,1704,1764,1817,1595
221,221,1679,1739,1776,1596
222,222,1567,1635,1650,1512
223,223,1515,1582,1616,1348
224,224,1382,1459,1524,1269
225,225,1363,1431,1454,1290
226,226,1329,1391,1412,1260
227,227,1350,1400,1421,1267
228,228,1326,1358,1396,1238
229,229,1335,1416,1440,1249
230,230,1650,1740,1774,1546
231,231,1644,1714,1735,1518
232,232,1630,1702,1722,1501
233,233,1595,1660,1665,1503
234,234,1547,1610,1632,1437
235,235,1494,1557,1596,1433
236,236,1522,1586,1614,1432
237,237,1460,1556,1582,1385
238,238,1393,1472,1500,1324
239,239,1289,1363,1395,1208
240,240,1621,1637,1671,1587
241,241,1589,1610,1648,1566
242,242,1591,1609,1616,1553
243,243,1528,1532,1550,1467
244,244,1439,1465,1478,1376
245,245,1432,1468,1484,1378
246,246,1388,1428,1453,1325
247,247,1309,1351,1365,1238
248,248,1220,1267,1292,1162
249,249,1114,1168,1207,1022
250,250,1418,1514,1533,1365
251,251,1445,1526,1550,1378
252,252,1476,1553,1570,1375
253,253,1541,1592,1615,1475
254,254,1530,1583,1600,1460
255,255,1491,1552,1575,1497
256,256,1471,1540,1562,1424
257,257,1382,1471,1500,1283
258,258,1275,1364,1388,1186
259,259,1197,1280,1313,1089
260,260,1444,1500,1528,1384
261,261,1464,1490,1527,1397
262,262,1433,1447,1473,1333
263,263,1393,1418,1445,1262
264,264,1339,1381,1391,1237
265,265,1282,1286,1311,1229
266,266,1226,1259,1275,1182
267,267,1166,1212,1237,1116
268,268,1185,1230,1254,1103
269,269,1136,1193,1208,1070
270,270,1537,1590,1608,1481
271,271,1589,1646,1663,1482
272,272,1597,1649,1672,1511
273,273,1555,1606,1620,1461
274,274,1474,1519,1531,1393
275,275,1418,1462,1494,1369
276,276,1422,1462,1487,1383
277,277,1391,1417,1452,1320
278,278,1297,1352,1382,1216
279,279,1189,1255,1287,1122
280,280,1535,1595,1608,1445
281,281,1594,1643,1665,1519
282,282,1576,1644,1680,1521
283,283,1584,1666,1703,1521
284,284,1567,1626,1653,1503
285,285,1516,1559,1582,1447
286,286,1424,1462,1486,1348
287,287,1393,1440,1474,1317
288,288,1382,1432,1456,1318
289,289,1381,1435,1450,1292
290,290,1650,1721,1747,1550
291,291,1661,1735,1752,1559
292,292,1700,1756,1764,1582
293,293,1682,1717,1747,1567
294,294,1672,1697,1721,1564
295,295,1598,1646,1672,1545
296,296,1533,1602,1618,1471
297,297,1495,1573,1591,1404
298,298,1423,1514,1533,1343
299,299,1324,1385,1426,1247
300,300,1564,1633,1659,1513
301,301,1541,1609,1627,1506
302,302,1524,1582,1621,1461
303,303,1506,1574,1633,1462
304,304,1445,1490,1528,1389
305,305,1371,1422,1436,1337
306,306,1322,1375,1401,1304
307,307,1220,1292,1339,1217
308,308,1221,1298,1320,1171
309,309,1245,1293,1315,1179
310,310,1325,1416,1411,1250
311,311,1425,1463,1472,1357
312,312,1470,1512,1526,1355
313,313,1467,1508,1552,1378
314,314,1538,1612,1617,1396
315,315,1568,1625,1649,1421
316,316,1544,1590,1626,1438
317,317,1490,1534,1555,1450
318,318,1436,1497,1531,1419
319,319,1414,1465,1509,1377
320,320,1496,1581,1623,1478
321,321,1563,1628,1662,1515
322,322,1556,1628,1633,1493
323,323,1565,1621,1626,1451
324,324,1521,1581,1588,1409
325,325,1448,1508,1525,1372
326,326,1367,1448,1461,1343
327,327,1382,1444,1466,1330
328,328,1337,1396,1423,1265
329,329,1245,1307,1328,1151
330,330,1638,1691,1709,1576
331,331,1629,1701,1721,1555
332,332,1655,1714,1716,1576
333,333,1628,1695,1706,1501
334,334,1593,1655,1670,1470
335,335,1540,1613,1628,1444
336,336,1519,1544,1566,1454
337,337,1514,1570,1590,1456
338,338,1437,1493,1525,1394
339,339,1340,1411,1436,1283
340,340,1500,1561,1601,1436
341,341,1498,1574,1605,1414
342,342,1554,1656,1696,1407
343,343,1639,1676,1716,1515
344,344,1577,1602,1618,1521
345,345,1503,1515,1545,1486
346,346,1482,1522,1564,1469
347,347,1484,1527,1578,1421
348,348,1384,1455,1478,1328
349,349,1266,1293,1316,1201
350,350,1450,1517,1532,1356
351,351,1421,1473,1483,1336
352,352,1400,1463,1485,1320
353,353,1287,1359,1385,1221
354,354,1277,1332,1354,1219
355,355,1257,1314,1338,1152
356,356,1265,1315,1343,1170
357,357,1274,1321,1338,1209
358,358,1199,1245,1273,1146
359,359,1076,1135,1154,1005
360,360,1289,1351,1391,1210
361,361,1330,1402,1437,1228
362,362,1341,1419,1457,1284
363,363,1380,1443,1467,1293
364,364,1445,1518,1523,1312
365,365,1454,1515,1526,1308
366,366,1430,1475,1491,1361
367,367,1349,1394,1404,1317
368,368,1313,1357,1395,1278
369,369,1297,1362,1378,1273
370,370,1635,1699,1718,1566
371,371,1622,1685,1707,1567
372,372,1553,1625,1632,1511
373,373,1486,1527,1556,1462
374,374,1443,1497,1520,1417
375,375,1469,1492,1515,1400
376,376,1405,1445,1491,1359
377,377,1314,1362,1398,1259
378,378,1174,1218,1255,1105
379,379,1014,1075,1115,940
380,380,1442,1496,1519,1407
381,381,1477,1514,1536,1417
382,382,1513,1549,1581,1419
383,383,1567,1603,1637,1445
384,384,1510,1535,1578,1406
385,385,1446,1464,1503,1366
386,386,1320,1344,1359,1277
387,387,1292,1304,1333,1263
388,388,1284,1325,1340,1222
389,389,1313,1347,1382,1240
390,390,1315,1417,1450,1271
391,391,1336,1425,1448,1273
392,392,1384,1444,1470,1296
393,393,1411,1461,1483,1305
394,394,1437,1498,1512,1312
395,395,1472,1508,1524,1372
396,396,1453,1500,1507,1401
397,397,1474,1527,1547,1426
398,398,1505,1565,1581,1444
399,399,1408,1496,1524,1357
400,400,1416,1488,1525,1332
401,401,1457,1511,1532,1356
402,402,1499,1550,1570,1385
403,403,1541,1605,1647,1443
404,404,1533,1579,1606,1444
405,405,1498,1551,1559,1448
406,406,1473,1529,1545,1434
407,407,1446,1500,1517,1412
408,408,1395,1443,1474,1335
409,409,1305,1360,1389,1223
410,410,1529,1606,1627,1411
411,411,1510,1585,1595,1354
412,412,1495,1549,1568,1387
413,413,1464,1513,1545,1401
414,414,1435,1473,1508,1352
415,415,1406,1464,1494,1320
416,416,1327,1374,1403,1271
417,417,1221,1283,1311,1155
418,418,1119,1171,1199,1018
419,419,988,1049,1085,875
420,420,1572,1598,1623,1467
421,421,1530,1576,1595,1388
422,422,1510,1543,1560,1389
423,423,1423,1449,1468,1351
424,424,1351,1405,1420,1277
425,425,1320,1356,1392,1258
426,426,1283,1321,1340,1245
427,427,1292,1331,1350,1214
428,428,1224,1262,1286,1132
429,429,1101,1160,1183,1004
430,430,1444,1517,1550,1412
431,431,1468,1521,1541,1413
432,432,1515,1570,1589,1425
433,433,1535,1580,1600,1444
434,434,1488,1538,1566,1440
435,435,1453,1509,1521,1424
436,436,1393,1458,1485,1372
437,437,1355,1421,1446,1310
438,438,1287,1338,1369,1227
439,439,1209,1258,1294,1108
440,440,1689,1756,1778,1597
441,441,1715,1758,1798,1601
442,442,1698,1739,1766,1601
443,443,1582,1635,1675,1485
444,444,1523,1573,1620,1440
445,445,1610,1638,1668,1539
446,446,1560,1601,1628,1471
447,447,1476,1552,1574,1413
448,448,1365,1424,1462,1325
449,449,1257,1306,1357,1180
450,450,1447,1501,1521,1347
451,451,1385,1442,1463,1307
452,452,1338,1406,1423,1250
453,453,1284,1354,1380,1230
454,454,1272,1314,1328,1188
455,455,1285,1338,1361,1182
456,456,1176,1250,1282,1125
457,457,1074,1149,1179,987
458,458,951,1017,1054,840
459,459,835,912,942,701
460,460,1338,1388,1407,1266
461,461,1386,1424,1445,1288
462,462,1432,1473,1494,1302
463,463,1457,1515,1537,1318
464,464,1453,1522,1550,1340
465,465,1430,1470,1493,1361
466,466,1362,1398,1422,1323
467,467,1320,1354,1383,1271
468,468,1335,1352,1380,1232
469,469,1296,1354,1385,1221
470,470,1825,1906,1911,1746
471,471,1815,1903,1912,1719
472,472,1730,1804,1841,1612
473,473,1648,1745,1758,1529
474,474,1569,1639,1648,1511
475,475,1548,1605,1613,1524
476,476,1596,1642,1661,1539
477,477,1616,1709,1708,1529
478,478,1553,1612,1643,1471
479,479,1453,1510,1537,1343
480,480,1539,1604,1635,1414
481,481,1481,1563,1597,1398
482,482,1450,1507,1541,1344
483,483,1339,1389,1402,1254
484,484,1270,1342,1378,1240
485,485,1283,1346,1371,1227
486,486,1234,1282,1323,1153
487,487,1132,1213,1269,1042
488,488,1065,1133,1190,972
489,489,932,1007,1077,801
490,490,1718,1749,1779,1644
491,491,1658,1696,1720,1580
492,492,1628,1641,1672,1580
493,493,1573,1602,1624,1507
494,494,1555,1588,1609,1484
495,495,1507,1566,1600,1430
496,496,1415,1465,1493,1341
497,497,1313,1353,1377,1240
498,498,1163,1231,1251,1091
499,499,1024,1102,1136,919
500,500,1521,1593,1617,1482
501,501,1556,1618,1630,1493
502,502,1519,1561,1573,1394
503,503,1451,1494,1524,1339
504,504,1366,1400,1426,1283
505,505,1332,1360,1384,1300
506,506,1296,1326,1354,1241
507,507,1320,1365,1392,1254
508,508,1299,1343,1380,1237
509,509,1190,1241,1255,1085
510,510,1562,1604,1638,1474
511,511,1596,1632,1659,1495
512,512,1565,1600,1623,1513
513,513,1494,1522,1554,1437
514,514,1405,1438,1458,1371
515,515,1365,1389,1409,1327
516,516,1331,1372,1387,1279
517,517,1335,1375,1383,1257
518,518,1251,1297,1323,1194
519,519,1156,1225,1239,1065
520,520,1294,1375,1387,1199
521,521,1291,1376,1394,1187
522,522,1224,1287,1324,1127
523,523,1103,1166,1202,1014
524,524,1082,1150,1200,1029
525,525,1147,1209,1227,1145
526,526,1170,1228,1240,1161
527,527,1208,1275,1297,1158
528,528,1229,1282,1306,1127
529,529,1163,1222,1254,1084
530,530,1597,1655,1672,1537
531,531,1540,1599,1620,1482
532,532,1526,1585,1606,1407
533,533,1474,1528,1543,1353
534,534,1453,1502,1524,1416
535,535,1434,1488,1503,1394
536,536,1463,1487,1508,1339
537,537,1359,1440,1465,1293
538,538,1267,1310,1347,1167
539,539,1079,1156,1181,983
540,540,1530,1598,1623,1489
541,541,1526,1571,1582,1416
542,542,1526,1581,1603,1418
543,543,1499,1557,1567,1366
544,544,1420,1490,1500,1291
545,545,1353,1401,1423,1271
546,546,1281,1320,1350,1236
547,547,1246,1305,1320,1187
548,548,1211,1260,1267,1131
549,549,1139,1188,1220,1001
550,550,1535,1608,1642,1501
551,551,1592,1668,1699,1535
552,552,1619,1674,1683,1533
553,553,1580,1594,1614,1522
554,554,1490,1515,1535,1448
555,555,1435,1469,1487,1403
556,556,1461,1516,1540,1420
557,557,1394,1441,1473,1315
558,558,1282,1385,1409,1229
559,559,1145,1249,1292,1098
560,560,1421,1470,1479,1368
561,561,1362,1410,1443,1251
562,562,1341,1386,1396,1233
563,563,1292,1311,1322,1215
564,564,1229,1234,1248,1178
565,565,1198,1222,1227,1147
566,566,1153,1191,1220,1128
567,567,1186,1229,1234,1089
568,568,1141,1185,1199,1010
569,569,1071,1131,1160,952
570,570,1186,1273,1303,1080
571,571,1240,1314,1340,1162
572,572,1268,1330,1344,1192
573,573,1340,1408,1430,1249
574,574,1371,1439,1457,1269
575,575,1350,1420,1444,1228
576,576,1282,1355,1374,1196
577,577,1241,1293,1319,1167
578,578,1209,1284,1307,1198
579,579,1214,1276,1290,1107
580,580,1512,1595,1630,1453
581,581,1543,1593,1612,1455
582,582,1587,1647,1650,1435
583,583,1603,1658,1673,1493
584,584,1540,1592,1619,1474
585,585,1434,1490,1529,1427
586,586,1383,1430,1447,1334
587,587,1414,1474,1494,1344
588,588,1378,1422,1456,1301
589,589,1326,1380,1400,1261
590,590,1339,1396,1449,1314
591,591,1369,1422,1462,1318
592,592,1424,1447,1473,1349
593,593,1383,1418,1454,1274
594,594,1356,1386,1401,1252
595,595,1276,1312,1327,1210
596,596,1211,1255,1281,1193
597,597,1215,1281,1314,1125
598,598,1218,1296,1311,1146
599,599,1103,1198,1239,1028
600,600,1602,1649,1685,1522
601,601,1567,1626,1648,1488
602,602,1546,1586,1613,1461
603,603,1499,1542,1578,1469
604,604,1521,1543,1580,1462
605,605,1519,1558,1589,1460
606,606,1452,1501,1532,1379
607,607,1353,1413,1431,1298
608,608,1241,1312,1338,1172
609,609,1112,1161,1191,1021
610,610,1105,1184,1215,1007
611,611,1284,1326,1367,1207
612,612,1369,1439,1458,1310
613,613,1359,1423,1454,1274
614,614,1298,1392,1422,1255
615,615,1290,1372,1401,1221
616,616,1337,1377,1400,1212
617,617,1266,1305,1322,1231
618,618,1178,1212,1239,1132
619,619,1157,1212,1234,1119
620,620,1776,1829,1858,1710
621,621,1726,1783,1828,1643
622,622,1668,1705,1728,1583
623,623,1633,1673,1691,1556
624,624,1580,1611,1629,1459
625,625,1454,1530,1541,1366
626,626,1415,1514,1526,1390
627,627,1460,1543,1572,1435
628,628,1405,1489,1526,1367
629,629,1286,1381,1426,1205
630,630,1744,1781,1812,1705
631,631,1713,1756,1789,1636
632,632,1705,1772,1805,1618
633,633,1675,1710,1725,1571
634,634,1606,1642,1662,1529
635,635,1520,1563,1581,1439
636,636,1494,1534,1559,1424
637,637,1479,1526,1537,1392
638,638,1394,1438,1464,1320
639,639,1307,1350,1384,1231
640,640,1473,1539,1561,1415
641,641,1541,1573,1600,1452
642,642,1538,1597,1616,1448
643,643,1518,1558,1580,1437
644,644,1443,1493,1520,1395
645,645,1383,1413,1445,1323
646,646,1345,1381,1412,1280
647,647,1274,1322,1348,1198
648,648,1170,1221,1246,1062
649,649,1052,1108,1136,941
650,650,1451,1543,1589,1402
651,651,1501,1593,1618,1475
652,652,1561,1629,1654,1464
653,653,1536,1602,1624,1454
654,654,1465,1530,1539,1374
655,655,1383,1461,1486,1319
656,656,1381,1428,1455,1348
657,657,1388,1454,1479,1362
658,658,1420,1481,1495,1345
659,659,1358,1413,1442,1296
660,660,1685,1740,1750,1626
661,661,1679,1719,1737,1612
662,662,1654,1713,1731,1566
663,663,1600,1666,1688,1517
664,664,1556,1609,1630,1491
665,665,1489,1538,1553,1400
666,666,1405,1455,1472,1312
667,667,1322,1379,1400,1229
668,668,1205,1266,1300,1097
669,669,1086,1154,1196,967
670,670,1713,1784,1800,1620
671,671,1673,1745,1784,1601
672,672,1650,1732,1754,1582
673,673,1657,1697,1727,1566
674,674,1533,1597,1615,1470
675,675,1474,1548,1569,1396
676,676,1471,1535,1571,1408
677,677,1442,1521,1549,1369
678,678,1372,1457,1493,1302
679,679,1316,1377,1389,1232
680,680,1319,1379,1401,1238
681,681,1337,1397,1434,1252
682,682,1340,1418,1439,1288
683,683,1377,1450,1497,1294
684,684,1353,1421,1457,1300
685,685,1373,1417,1420,1276
686,686,1295,1343,1368,1198
687,687,1272,1311,1345,1246
688,688,1306,1340,1361,1257
689,689,1278,1351,1382,1192
690,690,1592,1655,1669,1489
691,691,1632,1709,1727,1561
692,692,1612,1676,1708,1525
693,693,1577,1634,1671,1519
694,694,1552,1599,1617,1470
695,695,1423,1515,1533,1336
696,696,1414,1474,1492,1368
697,697,1400,1480,1503,1339
698,698,1381,1450,1478,1270
699,699,1367,1441,1492,1269
700,700,1396,1439,1466,1322
701,701,1448,1504,1532,1394
702,702,1508,1565,1579,1404
703,703,1510,1553,1572,1352
704,704,1537,1560,1575,1398
705,705,1481,1494,1516,1366
706,706,1365,1386,1410,1297
707,707,1323,1356,1377,1281
708,708,1299,1319,1339,1257
709,709,1314,1336,1354,1227
710,710,1523,1607,1630,1447
711,711,1577,1647,1680,1490
712,712,1596,1682,1728,1505
713,713,1634,1690,1736,1516
714,714,1613,1667,1684,1502
715,715,1559,1591,1626,1485
716,716,1467,1529,1591,1448
717,717,1447,1509,1542,1390
718,718,1446,1531,1548,1356
719,719,1425,1484,1520,1367
720,720,1422,1473,1499,1353
721,721,1455,1531,1548,1375
722,722,1461,1523,1561,1342
723,723,1415,1491,1508,1320
724,724,1396,1439,1452,1331
725,725,1341,1380,1411,1316
726,726,1310,1352,1385,1250
727,727,1229,1294,1326,1176
728,728,1116,1160,1188,1020
729,729,1013,1069,1105,912
730,730,1403,1491,1508,1329
731,731,1463,1518,1554,1403
732,732,1529,1591,1627,1422
733,733,1533,1581,1610,1433
734,734,1522,1555,1579,1438
735,735,1513,1537,1584,1439
736,736,1500,1536,1568,1448
737,737,1462,1507,1531,1380
738,738,1381,1442,1472,1296
739,739,1299,1348,1367,1216
740,740,1590,1649,1683,1517
741,741,1618,1672,1701,1536
742,742,1571,1631,1658,1476
743,743,1485,1537,1581,1432
744,744,1399,1464,1478,1355
745,745,1378,1432,1465,1318
746,746,1390,1456,1494,1351
747,747,1314,1378,1410,1235
748,748,1171,1259,1303,1099
749,749,1056,1143,1183,949
750,750,1564,1643,1671,1502
751,751,1559,1619,1651,1496
752,752,1545,1608,1619,1458
753,753,1483,1539,1560,1400
754,754,1405,1447,1458,1340
755,755,1396,1435,1461,1307
756,756,1347,1400,1425,1270
757,757,1271,1335,1361,1200
758,758,1176,1239,1268,1112
759,759,1065,1119,1144,986
760,760,1540,1622,1646,1475
761,761,1571,1639,1683,1477
762,762,1574,1624,1650,1443
763,763,1496,1562,1571,1380
764,764,1413,1470,1477,1343
765,765,1387,1433,1461,1318
766,766,1400,1449,1487,1342
767,767,1424,1467,1494,1356
768,768,1315,1367,1391,1225
769,769,1184,1237,1265,1079
770,770,1542,1595,1620,1469
771,771,1513,1572,1591,1424
772,772,1479,1533,1550,1400
773,773,1406,1446,1458,1379
774,774,1346,1385,1396,1303
775,775,1371,1390,1413,1318
776,776,1316,1355,1400,1228
777,777,1229,1288,1316,1160
778,778,1145,1205,1230,1073
779,779,1047,1100,1126,960
780,780,1624,1682,1734,1583
781,781,1607,1658,1676,1495
782,782,1570,1622,1636,1476
783,783,1509,1550,1577,1448
784,784,1430,1495,1538,1373
785,785,1404,1465,1502,1370
786,786,1443,1486,1510,1358
787,787,1376,1436,1462,1313
788,788,1299,1356,1398,1236
789,789,1160,1212,1255,1082
790,790,1519,1593,1617,1423
791,791,1529,1572,1610,1395
792,792,1521,1582,1622,1403
793,793,1484,1526,1558,1412
794,794,1417,1451,1474,1384
795,795,1344,1371,1402,1339
796,796,1338,1369,1387,1287
797,797,1310,1370,1393,1251
798,798,1233,1288,1321,1184
799,799,1140,1205,1239,1072
800,800,1612,1678,1683,1557
801,801,1620,1666,1678,1571
802,802,1593,1638,1655,1541
803,803,1510,1569,1584,1465
804,804,1424,1473,1494,1337
805,805,1405,1469,1495,1341
806,806,1439,1473,1499,1360
807,807,1431,1480,1490,1347
808,808,1362,1398,1411,1283
809,809,1271,1313,1340,1202
810,810,1544,1597,1620,1447
811,811,1519,1566,1591,1437
812,812,1499,1544,1578,1403
813,813,1446,1489,1503,1335
814,814,1420,1453,1474,1293
815,815,1334,1376,1391,1265
816,816,1326,1380,1402,1236
817,817,1290,1353,1369,1211
818,818,1265,1320,1333,1195
819,819,1172,1226,1237,1104
820,820,1550,1620,1658,1492
821,821,1541,1620,1653,1458
822,822,1548,1605,1626,1429
823,823,1494,1536,1560,1418
824,824,1407,1458,1484,1341
825,825,1409,1442,1474,1374
826,826,1417,1447,1463,1371
827,827,1348,1408,1439,1293
828,828,1247,1290,1318,1198
829,829,1111,1169,1199,1020
830,830,1268,1310,1346,1206
831,831,1287,1332,1372,1240
832,832,1276,1341,1371,1217
833,833,1311,1337,1349,1178
834,834,1223,1243,1259,1164
835,835,1129,1149,1169,1099
836,836,1077,1107,1113,1068
837,837,1088,1111,1123,1003
838,838,1085,1118,1146,994
839,839,1069,1089,1099,970
840,840,1641,1702,1725,1548
841,841,1623,1687,1719,1555
842,842,1622,1669,1693,1582
843,843,1622,1664,1672,1567
844,844,1557,1601,1618,1506
845,845,1464,1501,1522,1426
846,846,1403,1437,1455,1338
847,847,1403,1454,1470,1300
848,848,1360,1419,1431,1282
849,849,1262,1324,1353,1195
850,850,1475,1539,1571,1431
851,851,1454,1502,1542,1392
852,852,1452,1505,1521,1383
853,853,1416,1461,1482,1359
854,854,1350,1383,1411,1280
855,855,1324,1375,1401,1271
856,856,1323,1378,1408,1254
857,857,1290,1337,1354,1228
858,858,1229,1283,1302,1167
859,859,1154,1210,1229,1105
860,860,1427,1495,1519,1342
861,861,1471,1529,1545,1370
862,862,1400,1465,1484,1302
863,863,1377,1423,1445,1296
864,864,1285,1329,1347,1208
865,865,1264,1299,1319,1221
866,866,1263,1309,1328,1220
867,867,1216,1270,1289,1119
868,868,1158,1204,1229,1066
869,869,1035,1106,1129,944
870,870,1295,1361,1383,1238
871,871,1316,1379,1407,1258
872,872,1344,1412,1430,1242
873,873,1397,1465,1482,1249
874,874,1376,1423,1441,1298
875,875,1293,1337,1362,1250
876,876,1274,1325,1340,1235
877,877,1253,1315,1336,1214
878,878,1250,1325,1355,1183
879,879,1188,1234,1263,1078
880,880,1347,1417,1468,1272
881,881,1373,1439,1462,1319
882,882,1415,1461,1502,1347
883,883,1382,1478,1511,1276
884,884,1493,1542,1560,1430
885,885,1507,1539,1553,1479
886,886,1434,1490,1518,1444
887,887,1365,1433,1470,1325
888,888,1341,1407,1446,1305
889,889,1321,1361,1392,1261
890,890,1789,1866,1923,1731
891,891,1811,1865,1902,1743
892,892,1790,1870,1897,1721
893,893,1740,1796,1836,1648
894,894,1679,1760,1791,1609
895,895,1609,1688,1722,1554
896,896,1548,1604,1622,1504
897,897,1546,1624,1641,1465
898,898,1531,1607,1626,1448
899,899,1450,1508,1534,1362
900,900,1434,1489,1517,1313
901,901,1457,1520,1552,1369
902,902,1480,1546,1568,1380
903,903,1554,1619,1641,1456
904,904,1524,1571,1628,1435
905,905,1520,1542,1568,1436
906,906,1438,1465,1490,1392
907,907,1429,1469,1495,1350
908,908,1420,1468,1499,1347
909,909,1369,1422,1447,1311
910,910,1607,1640,1668,1510
911,911,1612,1646,1670,1483
912,912,1579,1613,1638,1457
913,913,1492,1530,1555,1442
914,914,1403,1437,1462,1331
915,915,1322,1377,1405,1307
916,916,1334,1378,1407,1303
917,917,1318,1364,1383,1263
918,918,1239,1287,1307,1167
919,919,1115,1166,1196,1037
920,920,1331,1377,1406,1194
921,921,1390,1461,1497,1258
922,922,1400,1465,1488,1260
923,923,1442,1490,1508,1282
924,924,1374,1436,1452,1263
925,925,1313,1363,1391,1224
926,926,1297,1346,1372,1181
927,927,1292,1345,1353,1180
928,928,1260,1327,1342,1185
929,929,1216,1278,1292,1103
930,930,1565,1626,1652,1468
931,931,1567,1629,1651,1467
932,932,1560,1629,1655,1418
933,933,1544,1588,1619,1412
934,934,1485,1509,1534,1410
935,935,1400,1450,1461,1336
936,936,1362,1392,1422,1287
937,937,1388,1425,1461,1342
938,938,1396,1449,1456,1310
939,939,1334,1410,1416,1268
940,940,1599,1655,1665,1506
941,941,1539,1595,1622,1495
942,942,1482,1541,1577,1451
943,943,1472,1528,1561,1434
944,944,1450,1499,1511,1391
945,945,1374,1407,1429,1301
946,946,1360,1386,1402,1287
947,947,1386,1426,1436,1337
948,948,1329,1373,1395,1260
949,949,1245,1293,1319,1184
950,950,1738,1789,1804,1650
951,951,1688,1760,1798,1625
952,952,1634,1729,1759,1561
953,953,1571,1645,1685,1473
954,954,1480,1548,1573,1377
955,955,1487,1537,1560,1407
956,956,1512,1575,1596,1410
957,957,1488,1563,1599,1378
958,958,1409,1501,1542,1287
959,959,1306,1387,1435,1220
960,960,1323,1384,1410,1275
961,961,1383,1448,1474,1305
962,962,1425,1497,1520,1343
963,963,1481,1542,1577,1399
964,964,1508,1566,1589,1428
965,965,1490,1560,1582,1448
966,966,1435,1500,1534,1387
967,967,1413,1453,1493,1348
968,968,1416,1466,1480,1326
969,969,1320,1371,1385,1214
970,970,1495,1576,1612,1449
971,971,1556,1622,1644,1473
972,972,1549,1626,1636,1438
973,973,1524,1584,1602,1396
974,974,1426,1479,1490,1385
975,975,1321,1386,1420,1325
976,976,1348,1385,1419,1303
977,977,1368,1412,1436,1272
978,978,1292,1344,1370,1220
979,979,1136,1225,1260,1077
980,980,1359,1415,1461,1289
981,981,1495,1548,1581,1432
982,982,1485,1528,1572,1424
983,983,1495,1545,1566,1445
984,984,1471,1526,1574,1424
985,985,1386,1482,1531,1298
986,986,1383,1453,1493,1308
987,987,1356,1388,1439,1291
988,988,1302,1353,1387,1248
989,989,1300,1378,1404,1235
990,990,1559,1630,1665,1526
991,991,1606,1677,1695,1529
992,992,1623,1667,1674,1516
993,993,1606,1664,1689,1544
994,994,1503,1561,1577,1462
995,995,1471,1529,1552,1429
996,996,1490,1549,1566,1473
997,997,1517,1581,1616,1436
998,998,1419,1507,1535,1318
999,999,1348,1408,1449,1269
1000,1000,1746,1829,1847,1634
1001,1001,1759,1812,1834,1658
1002,1002,1698,1764,1818,1593
1003,1003,1655,1696,1735,1529
1004,1004,1559,1626,1662,1486
1005,1005,1524,1588,1622,1416
1006,1006,1507,1589,1620,1419
1007,1007,1514,1582,1620,1428
1008,1008,1450,1540,1589,1360
1009,1009,1334,1427,1474,1224
1010,1010,1656,1739,1779,1608
1011,1011,1683,1741,1742,1602
1012,1012,1668,1704,1721,1553
1013,1013,1633,1701,1728,1542
1014,1014,1532,1607,1641,1480
1015,1015,1495,1564,1587,1472
1016,1016,1417,1489,1523,1402
1017,1017,1431,1517,1543,1366
1018,1018,1417,1515,1552,1350
1019,1019,1305,1389,1438,1240
1020,1020,1399,1448,1477,1351
1021,1021,1449,1527,1545,1364
1022,1022,1538,1591,1621,1447
1023,1023,1555,1594,1610,1434
1024,1024,1495,1528,1536,1369
1025,1025,1401,1438,1454,1321
1026,1026,1331,1364,1368,1276
1027,1027,1341,1366,1388,1283
1028,1028,1340,1383,1404,1267
1029,1029,1233,1299,1309,1168
1030,1030,1419,1476,1506,1331
1031,1031,1467,1542,1553,1378
1032,1032,1451,1542,1560,1304
1033,1033,1518,1584,1604,1390
1034,1034,1572,1613,1639,1420
1035,1035,1526,1547,1580,1370
1036,1036,1459,1503,1537,1364
1037,1037,1446,1517,1547,1424
1038,1038,1418,1509,1543,1389
1039,1039,1386,1460,1496,1322
1040,1040,1473,1512,1531,1423
1041,1041,1517,1547,1571,1442
1042,1042,1472,1517,1550,1386
1043,1043,1430,1475,1496,1361
1044,1044,1317,1340,1396,1303
1045,1045,1286,1328,1338,1225
1046,1046,1209,1244,1282,1168
1047,1047,1213,1252,1284,1158
1048,1048,1241,1272,1295,1199
1049,1049,1268,1303,1337,1207
1050,1050,1499,1598,1609,1428
1051,1051,1567,1631,1654,1518
1052,1052,1585,1633,1653,1493
1053,1053,1602,1647,1649,1518
1054,1054,1532,1594,1615,1495
1055,1055,1480,1544,1553,1433
1056,1056,1505,1586,1607,1418
1057,1057,1476,1533,1545,1389
1058,1058,1404,1455,1477,1335
1059,1059,1318,1365,1388,1265
1060,1060,1638,1700,1739,1571
1061,1061,1667,1735,1765,1605
1062,1062,1660,1726,1765,1565
1063,1063,1582,1647,1680,1493
1064,1064,1535,1594,1631,1447
1065,1065,1466,1531,1554,1416
1066,1066,1421,1493,1523,1382
1067,1067,1413,1490,1515,1350
1068,1068,1371,1437,1457,1276
1069,1069,1214,1266,1317,1116
1070,1070,1415,1466,1508,1335
1071,1071,1466,1543,1563,1369
1072,1072,1488,1545,1575,1380
1073,1073,1542,1594,1629,1437
1074,1074,1540,1610,1630,1426
1075,1075,1546,1610,1627,1492
1076,1076,1544,1571,1601,1496
1077,1077,1527,1588,1618,1487
1078,1078,1456,1518,1541,1404
1079,1079,1364,1423,1450,1313
1080,1080,1519,1580,1623,1461
1081,1081,1497,1544,1576,1420
1082,1082,1455,1499,1521,1392
1083,1083,1428,1469,1507,1374
1084,1084,1314,1349,1387,1256
1085,1085,1306,1324,1350,1253
1086,1086,1294,1327,1350,1257
1087,1087,1349,1373,1387,1307
1088,1088,1322,1366,1389,1286
1089,1089,1231,1287,1312,1168
1090,1090,1537,1597,1617,1494
1091,1091,1545,1600,1628,1435
1092,1092,1512,1573,1614,1388
1093,1093,1477,1532,1562,1389
1094,1094,1390,1439,1481,1330
1095,1095,1336,1409,1430,1294
1096,1096,1347,1400,1405,1306
1097,1097,1340,1379,1406,1263
1098,1098,1275,1331,1357,1190
1099,1099,1197,1267,1289,1086
1100,1100,1499,1566,1586,1445
1101,1101,1525,1611,1634,1458
1102,1102,1499,1565,1603,1390
1103,1103,1454,1516,1540,1352
1104,1104,1365,1412,1436,1286
1105,1105,1360,1401,1419,1322
1106,1106,1293,1335,1379,1252
1107,1107,1323,1366,1399,1265
1108,1108,1306,1376,1425,1278
1109,1109,1198,1265,1305,1125
1110,1110,1645,1711,1726,1535
1111,1111,1628,1714,1733,1523
1112,1112,1623,1708,1749,1511
1113,1113,1612,1691,1726,1511
1114,1114,1577,1655,1685,1470
1115,1115,1494,1586,1625,1391
1116,1116,1470,1539,1565,1393
1117,1117,1402,1471,1492,1311
1118,1118,1332,1424,1463,1287
1119,1119,1236,1305,1331,1177
1120,1120,1594,1672,1710,1520
1121,1121,1570,1662,1695,1497
1122,1122,1588,1637,1671,1482
1123,1123,1535,1604,1640,1400
1124,1124,1466,1546,1572,1357
1125,1125,1421,1486,1517,1338
1126,1126,1383,1440,1462,1290
1127,1127,1334,1399,1433,1231
1128,1128,1319,1378,1405,1205
1129,1129,1224,1299,1339,1151
1130,1130,1725,1791,1821,1641
1131,1131,1731,1771,1799,1676
1132,1132,1716,1773,1804,1672
1133,1133,1644,1698,1726,1610
1134,1134,1540,1598,1621,1492
1135,1135,1530,1591,1612,1460
1136,1136,1432,1507,1542,1391
1137,1137,1358,1403,1427,1306
1138,1138,1215,1298,1320,1137
1139,1139,1075,1169,1209,992
1140,1140,1478,1542,1559,1357
1141,1141,1491,1546,1573,1380
1142,1142,1436,1526,1559,1401
1143,1143,1420,1482,1507,1394
1144,1144,1360,1445,1449,1337
1145,1145,1348,1425,1459,1297
1146,1146,1314,1387,1421,1247
1147,1147,1226,1312,1350,1170
1148,1148,1104,1197,1227,1018
1149,1149,963,1041,1088,835
1150,1150,1535,1587,1618,1513
1151,1151,1515,1552,1598,1475
1152,1152,1466,1526,1545,1452
1153,1153,1422,1476,1520,1374
1154,1154,1302,1361,1376,1257
1155,1155,1234,1288,1328,1208
1156,1156,1244,1296,1319,1183
1157,1157,1296,1361,1382,1260
1158,1158,1257,1316,1329,1201
1159,1159,1156,1222,1265,1104
1160,1160,1677,1751,1791,1579
1161,1161,1660,1732,1764,1537
1162,1162,1626,1703,1738,1542
1163,1163,1532,1618,1647,1417
1164,1164,1456,1534,1569,1368
1165,1165,1448,1517,1541,1340
1166,1166,1430,1484,1527,1354
1167,1167,1431,1506,1549,1367
1168,1168,1328,1417,1462,1255
1169,1169,1242,1328,1354,1174
1170,1170,1364,1400,1436,1324
1171,1171,1338,1396,1430,1325
1172,1172,1349,1425,1460,1337
1173,1173,1334,1412,1445,1317
1174,1174,1346,1433,1467,1322
1175,1175,1360,1448,1467,1280
1176,1176,1267,1339,1365,1224
1177,1177,1198,1276,1304,1108
1178,1178,1146,1217,1242,1032
1179,1179,1072,1116,1140,981
1180,1180,1759,1849,1862,1700
1181,1181,1819,1883,1902,1762
1182,1182,1882,1959,1970,1818
1183,1183,1887,1946,1966,1800
1184,1184,1830,1885,1919,1711
1185,1185,1797,1854,1895,1735
1186,1186,1748,1823,1861,1685
1187,1187,1691,1759,1788,1627
1188,1188,1600,1696,1732,1526
1189,1189,1507,1582,1611,1433
1190,1190,1404,1470,1499,1342
1191,1191,1460,1538,1573,1410
1192,1192,1487,1536,1560,1409
1193,1193,1471,1525,1542,1346
1194,1194,1457,1511,1529,1368
1195,1195,1425,1478,1491,1383
1196,1196,1373,1403,1425,1357
1197,1197,1359,1395,1422,1328
1198,1198,1305,1356,1384,1256
1199,1199,1213,1276,1295,1142
1200,1200,1549,1631,1663,1535
1201,1201,1587,1669,1689,1558
1202,1202,1613,1675,1695,1546
1203,1203,1607,1643,1668,1529
1204,1204,1533,1601,1607,1452
1205,1205,1512,1557,1574,1468
1206,1206,1407,1457,1491,1365
1207,1207,1370,1427,1452,1337
1208,1208,1365,1437,1460,1308
1209,1209,1338,1407,1426,1291
1210,1210,1335,1384,1411,1255
1211,1211,1371,1432,1464,1284
1212,1212,1396,1459,1484,1289
1213,1213,1412,1460,1489,1336
1214,1214,1358,1380,1396,1313
1215,1215,1310,1331,1350,1262
1216,1216,1308,1348,1359,1261
1217,1217,1271,1319,1335,1207
1218,1218,1194,1229,1245,1102
1219,1219,1063,1128,1159,943
1220,1220,1399,1445,1505,1388
1221,1221,1432,1500,1525,1361
1222,1222,1485,1555,1564,1355
1223,1223,1556,1598,1635,1370
1224,1224,1553,1574,1585,1402
1225,1225,1473,1485,1528,1366
1226,1226,1399,1426,1478,1360
1227,1227,1427,1468,1516,1389
1228,1228,1399,1446,1483,1366
1229,1229,1285,1329,1365,1191
1230,1230,1213,1251,1267,1089
1231,1231,1217,1272,1280,1110
1232,1232,1212,1258,1289,1139
1233,1233,1239,1307,1316,1135
1234,1234,1250,1310,1343,1126
1235,1235,1234,1316,1334,1126
1236,1236,1305,1361,1394,1189
1237,1237,1325,1349,1358,1219
1238,1238,1291,1328,1339,1233
1239,1239,1284,1325,1336,1234
1240,1240,1471,1546,1584,1438
1241,1241,1530,1597,1626,1454
1242,1242,1485,1588,1614,1373
1243,1243,1480,1553,1597,1387
1244,1244,1493,1531,1538,1425
1245,1245,1355,1429,1436,1333
1246,1246,1326,1382,1397,1280
1247,1247,1365,1423,1433,1352
1248,1248,1286,1371,1396,1252
1249,1249,1121,1170,1215,1027
1250,1250,1396,1447,1471,1312
1251,1251,1381,1466,1501,1319
1252,1252,1393,1492,1533,1334
1253,1253,1486,1550,1554,1364
1254,1254,1405,1467,1490,1285
1255,1255,1319,1375,1401,1230
1256,1256,1289,1315,1349,1222
1257,1257,1247,1302,1328,1208
1258,1258,1255,1297,1330,1210
1259,1259,1268,1308,1347,1227
1260,1260,1547,1635,1652,1471
1261,1261,1568,1642,1673,1424
1262,1262,1542,1591,1627,1451
1263,1263,1469,1515,1536,1384
1264,1264,1404,1451,1474,1328
1265,1265,1351,1430,1463,1319
1266,1266,1370,1425,1451,1294
1267,1267,1301,1383,1414,1239
1268,1268,1224,1287,1323,1137
1269,1269,1074,1150,1183,963
1270,1270,1208,1267,1285,1135
1271,1271,1250,1307,1326,1151
1272,1272,1248,1298,1321,1153
1273,1273,1189,1250,1267,1121
1274,1274,1214,1212,1237,1124
1275,1275,1220,1288,1281,1170
1276,1276,1244,1298,1306,1168
1277,1277,1292,1329,1352,1145
1278,1278,1216,1300,1309,1103
1279,1279,1158,1231,1282,1096
1280,1280,1506,1583,1619,1430
1281,1281,1554,1626,1657,1446
1282,1282,1534,1591,1619,1394
1283,1283,1466,1516,1547,1375
1284,1284,1420,1471,1494,1346
1285,1285,1305,1354,1397,1262
1286,1286,1297,1347,1381,1278
1287,1287,1349,1366,1386,1261
1288,1288,1246,1296,1346,1139
1289,1289,1113,1208,1235,1007
1290,1290,1472,1530,1562,1410
1291,1291,1529,1597,1634,1488
1292,1292,1590,1646,1683,1513
1293,1293,1628,1675,1697,1552
1294,1294,1623,1663,1701,1527
1295,1295,1587,1640,1659,1519
1296,1296,1547,1570,1580,1499
1297,1297,1468,1497,1508,1392
1298,1298,1433,1493,1511,1363
1299,1299,1417,1467,1494,1352
1300,1300,1591,1649,1674,1532
1301,1301,1592,1669,1695,1501
1302,1302,1567,1635,1657,1447
1303,1303,1517,1574,1590,1455
1304,1304,1436,1476,1514,1384
1305,1305,1363,1436,1455,1333
1306,1306,1342,1421,1440,1298
1307,1307,1342,1410,1446,1269
1308,1308,1281,1370,1395,1224
1309,1309,1180,1267,1294,1092
1310,1310,1504,1571,1608,1444
1311,1311,1538,1597,1627,1454
1312,1312,1512,1566,1589,1408
1313,1313,1472,1510,1539,1391
1314,1314,1417,1452,1477,1371
1315,1315,1406,1453,1487,1347
1316,1316,1345,1405,1422,1285
1317,1317,1260,1340,1347,1165
1318,1318,1147,1204,1236,1057
1319,1319,984,1055,1074,898
1320,1320,1768,1818,1841,1700
1321,1321,1793,1838,1873,1733
1322,1322,1719,1764,1793,1646
1323,1323,1649,1684,1705,1583
1324,1324,1582,1638,1658,1530
1325,1325,1614,1663,1691,1537
1326,1326,1577,1650,1675,1485
1327,1327,1495,1564,1602,1424
1328,1328,1392,1459,1478,1336
1329,1329,1266,1337,1376,1184
1330,1330,1203,1257,1279,1119
1331,1331,1273,1306,1336,1219
1332,1332,1321,1352,1385,1261
1333,1333,1350,1404,1427,1308
1334,1334,1423,1481,1502,1391
1335,1335,1439,1470,1505,1384
1336,1336,1419,1446,1475,1357
1337,1337,1356,1408,1430,1337
1338,1338,1363,1403,1420,1300
1339,1339,1311,1356,1379,1247
1340,1340,1522,1599,1631,1431
1341,1341,1579,1619,1638,1472
1342,1342,1568,1630,1657,1444
1343,1343,1501,1562,1592,1384
1344,1344,1427,1486,1502,1324
1345,1345,1386,1453,1477,1326
1346,1346,1404,1473,1481,1352
1347,1347,1409,1456,1496,1308
1348,1348,1378,1440,1477,1335
1349,1349,1250,1318,1358,1168
1350,1350,1396,1459,1483,1278
1351,1351,1423,1500,1519,1347
1352,1352,1431,1498,1511,1309
1353,1353,1424,1500,1524,1286
1354,1354,1410,1466,1470,1230
1355,1355,1364,1392,1410,1224
1356,1356,1284,1324,1347,1224
1357,1357,1239,1279,1308,1197
1358,1358,1207,1250,1284,1147
1359,1359,1193,1250,1285,1070
1360,1360,1673,1750,1777,1598
1361,1361,1702,1766,1789,1624
1362,1362,1693,1738,1765,1616
1363,1363,1647,1675,1697,1554
1364,1364,1607,1631,1650,1535
1365,1365,1514,1559,1581,1461
1366,1366,1445,1477,1491,1362
1367,1367,1451,1477,1504,1376
1368,1368,1449,1488,1517,1404
1369,1369,1379,1433,1445,1304
1370,1370,1467,1510,1519,1432
1371,1371,1448,1475,1501,1381
1372,1372,1379,1451,1465,1343
1373,1373,1302,1379,1408,1284
1374,1374,1218,1290,1317,1219
1375,1375,1115,1185,1188,1116
1376,1376,994,1057,1083,1000
1377,1377,792,863,899,701
1378,1378,620,685,716,514
1379,1379,414,458,515,290
1380,1380,1415,1502,1531,1325
1381,1381,1450,1533,1538,1370
1382,1382,1476,1542,1549,1337
1383,1383,1528,1607,1628,1423
1384,1384,1548,1601,1607,1436
1385,1385,1511,1570,1585,1436
1386,1386,1439,1531,1538,1426
1387,1387,1429,1496,1509,1379
1388,1388,1435,1504,1516,1368
1389,1389,1313,1396,1437,1248
1390,1390,1190,1230,1251,1158
1391,1391,1298,1345,1380,1242
1392,1392,1297,1357,1378,1254
1393,1393,1334,1394,1411,1242
1394,1394,1378,1440,1449,1233
1395,1395,1409,1452,1469,1290
1396,1396,1401,1433,1453,1335
1397,1397,1376,1407,1434,1319
1398,1398,1350,1384,1412,1313
1399,1399,1276,1324,1345,1241
1400,1400,1358,1432,1464,1306
1401,1401,1431,1484,1510,1359
1402,1402,1462,1530,1549,1354
1403,1403,1430,1485,1514,1333
1404,1404,1424,1453,1483,1329
1405,1405,1372,1400,1413,1328
1406,1406,1295,1340,1358,1249
1407,1407,1304,1342,1359,1219
1408,1408,1259,1312,1337,1168
1409,1409,1182,1236,1269,1054
1410,1410,1551,1581,1614,1479
1411,1411,1493,1525,1577,1427
1412,1412,1460,1492,1526,1383
1413,1413,1362,1399,1423,1331
1414,1414,1322,1359,1380,1277
1415,1415,1276,1307,1343,1246
1416,1416,1273,1294,1328,1220
1417,1417,1239,1267,1298,1160
1418,1418,1115,1187,1236,1039
1419,1419,1024,1099,1113,916
1420,1420,1418,1465,1511,1366
1421,1421,1476,1546,1568,1414
1422,1422,1494,1562,1572,1407
1423,1423,1493,1569,1583,1386
1424,1424,1486,1544,1568,1352
1425,1425,1442,1494,1504,1356
1426,1426,1385,1445,1457,1357
1427,1427,1389,1445,1455,1337
1428,1428,1334,1386,1412,1238
1429,1429,1232,1291,1311,1128
1430,1430,1519,1585,1620,1440
1431,1431,1549,1607,1625,1470
1432,1432,1526,1569,1590,1427
1433,1433,1599,1690,1709,1505
1434,1434,1572,1603,1631,1510
1435,1435,1463,1492,1499,1458
1436,1436,1437,1499,1522,1444
1437,1437,1391,1419,1443,1359
1438,1438,1374,1451,1470,1360
1439,1439,1387,1453,1489,1348
1440,1440,1748,1816,1849,1659
1441,1441,1728,1785,1823,1613
1442,1442,1708,1758,1791,1579
1443,1443,1629,1690,1705,1517
1444,1444,1586,1660,1686,1532
1445,1445,1555,1626,1644,1430
1446,1446,1458,1531,1562,1338
1447,1447,1361,1435,1475,1241
1448,1448,1251,1315,1350,1171
1449,1449,1157,1228,1272,1037
1450,1450,1682,1742,1786,1612
1451,1451,1699,1753,1753,1599
1452,1452,1656,1713,1733,1570
1453,1453,1620,1653,1680,1522
1454,1454,1539,1613,1618,1511
1455,1455,1526,1588,1616,1474
1456,1456,1461,1518,1555,1379
1457,1457,1333,1382,1417,1279
1458,1458,1243,1285,1321,1145
1459,1459,1077,1143,1181,976
1460,1460,1255,1265,1265,1153
1461,1461,1243,1308,1323,1165
1462,1462,1288,1343,1374,1197
1463,1463,1269,1307,1336,1190
1464,1464,1276,1321,1336,1180
1465,1465,1248,1310,1327,1070
1466,1466,1278,1355,1372,1182
1467,1467,1308,1347,1368,1201
1468,1468,1277,1333,1355,1226
1469,1469,1252,1320,1335,1230
1470,1470,1475,1540,1587,1473
1471,1471,1533,1584,1617,1480
1472,1472,1519,1571,1600,1446
1473,1473,1451,1507,1538,1375
1474,1474,1425,1464,1486,1355
1475,1475,1333,1370,1380,1328
1476,1476,1313,1345,1367,1291
1477,1477,1299,1354,1378,1220
1478,1478,1231,1293,1303,1164
1479,1479,1141,1184,1211,1053
1480,1480,1340,1416,1472,1281
1481,1481,1414,1479,1504,1359
1482,1482,1453,1501,1521,1387
1483,1483,1508,1588,1632,1414
1484,1484,1547,1621,1633,1467
1485,1485,1517,1563,1586,1431
1486,1486,1424,1478,1499,1378
1487,1487,1413,1470,1483,1403
1488,1488,1402,1460,1480,1336
1489,1489,1307,1374,1392,1269
1490,1490,1583,1637,1663,1521
1491,1491,1578,1626,1652,1521
1492,1492,1534,1580,1596,1461
1493,1493,1459,1511,1530,1386
1494,1494,1421,1462,1476,1380
1495,1495,1418,1458,1489,1361
1496,1496,1368,1418,1443,1301
1497,1497,1301,1351,1375,1259
1498,1498,1219,1275,1305,1163
1499,1499,1105,1165,1192,1043
1500,1500,1827,1875,1887,1748
1501,1501,1829,1876,1889,1710
1502,1502,1819,1863,1868,1726
1503,1503,1797,1840,1848,1728
1504,1504,1775,1816,1835,1730
1505,1505,1702,1751,1793,1655
1506,1506,1629,1688,1715,1596
1507,1507,1557,1617,1645,1484
1508,1508,1432,1483,1526,1379
1509,1509,1317,1350,1403,1244
1510,1510,1280,1324,1361,1228
1511,1511,1312,1371,1408,1248
1512,1512,1369,1443,1481,1309
1513,1513,1424,1490,1513,1288
1514,1514,1387,1445,1473,1204
1515,1515,1380,1407,1418,1234
1516,1516,1324,1360,1395,1262
1517,1517,1293,1341,1375,1247
1518,1518,1271,1340,1367,1235
1519,1519,1224,1273,1304,1161
1520,1520,1532,1594,1614,1457
1521,1521,1532,1609,1633,1454
1522,1522,1535,1608,1641,1443
1523,1523,1510,1578,1621,1450
1524,1524,1513,1568,1597,1429
1525,1525,1493,1542,1561,1420
1526,1526,1443,1490,1519,1375
1527,1527,1369,1458,1493,1316
1528,1528,1339,1421,1447,1296
1529,1529,1317,1372,1392,1247
1530,1530,1601,1661,1690,1518
1531,1531,1611,1658,1687,1501
1532,1532,1573,1611,1649,1473
1533,1533,1525,1564,1597,1435
1534,1534,1486,1530,1557,1414
1535,1535,1470,1516,1545,1403
1536,1536,1399,1457,1482,1317
1537,1537,1310,1365,1393,1222
1538,1538,1213,1273,1296,1126
1539,1539,1073,1148,1171,983
1540,1540,1309,1422,1464,1262
1541,1541,1406,1491,1523,1322
1542,1542,1444,1544,1571,1388
1543,1543,1512,1571,1603,1423
1544,1544,1533,1587,1621,1452
1545,1545,1513,1578,1606,1481
1546,1546,1470,1526,1555,1456
1547,1547,1403,1466,1481,1387
1548,1548,1351,1412,1426,1271
1549,1549,1365,1436,1446,1303
1550,1550,1623,1651,1662,1512
1551,1551,1570,1605,1622,1487
1552,1552,1474,1515,1542,1398
1553,1553,1404,1467,1502,1341
1554,1554,1408,1456,1516,1362
1555,1555,1412,1455,1492,1362
1556,1556,1335,1397,1426,1297
1557,1557,1257,1314,1334,1186
1558,1558,1152,1226,1240,1070
1559,1559,993,1074,1111,884
1560,1560,1501,1582,1599,1427
1561,1561,1565,1605,1625,1447
1562,1562,1556,1610,1625,1443
1563,1563,1533,1599,1603,1449
1564,1564,1506,1558,1587,1415
1565,1565,1437,1499,1508,1430
1566,1566,1450,1488,1506,1410
1567,1567,1380,1427,1443,1328
1568,1568,1302,1350,1370,1245
1569,1569,1192,1247,1273,1093
1570,1570,1232,1284,1322,1194
1571,1571,1309,1361,1386,1268
1572,1572,1336,1376,1409,1231
1573,1573,1296,1335,1358,1240
1574,1574,1245,1281,1287,1221
1575,1575,1197,1226,1240,1144
1576,1576,1165,1210,1228,1115
1577,1577,1186,1222,1238,1112
1578,1578,1083,1149,1169,985
1579,1579,1000,1065,1085,887
1580,1580,1395,1454,1509,1342
1581,1581,1414,1495,1520,1373
1582,1582,1442,1467,1502,1375
1583,1583,1438,1482,1518,1362
1584,1584,1376,1408,1429,1251
1585,1585,1306,1346,1379,1254
1586,1586,1248,1299,1328,1195
1587,1587,1237,1286,1294,1211
1588,1588,1208,1265,1293,1158
1589,1589,1250,1326,1356,1201
1590,1590,1433,1485,1512,1376
1591,1591,1471,1537,1563,1410
1592,1592,1526,1581,1596,1428
1593,1593,1548,1576,1586,1399
1594,1594,1506,1523,1549,1325
1595,1595,1437,1449,1465,1344
1596,1596,1372,1399,1431,1327
1597,1597,1341,1365,1396,1315
1598,1598,1327,1377,1391,1247
1599,1599,1309,1339,1354,1259
1600,1600,1607,1650,1680,1561
1601,1601,1641,1681,1704,1554
1602,1602,1607,1651,1654,1487
1603,1603,1566,1581,1607,1467
1604,1604,1463,1510,1526,1412
1605,1605,1402,1438,1466,1337
1606,1606,1360,1402,1433,1299
1607,1607,1434,1461,1491,1332
1608,1608,1335,1377,1420,1231
1609,1609,1213,1275,1293,1177
1610,1610,1448,1494,1529,1292
1611,1611,1477,1552,1606,1435
1612,1612,1498,1562,1595,1454
1613,1613,1557,1611,1646,1451
1614,1614,1626,1694,1708,1508
1615,1615,1652,1711,1727,1543
1616,1616,1606,1661,1692,1500
1617,1617,1572,1625,1652,1520
1618,1618,1580,1611,1632,1520
1619,1619,1463,1504,1537,1400
1620,1620,1594,1640,1675,1538
1621,1621,1614,1640,1674,1539
1622,1622,1581,1600,1630,1433
1623,1623,1513,1549,1601,1431
1624,1624,1457,1485,1513,1397
1625,1625,1436,1463,1495,1375
1626,1626,1445,1474,1509,1384
1627,1627,1348,1396,1419,1286
1628,1628,1202,1264,1302,1142
1629,1629,1087,1157,1168,1026
1630,1630,1672,1748,1777,1616
1631,1631,1713,1759,1777,1621
1632,1632,1728,1781,1816,1629
1633,1633,1716,1763,1780,1612
1634,1634,1651,1711,1738,1570
1635,1635,1597,1645,1667,1517
1636,1636,1546,1608,1627,1483
1637,1637,1556,1614,1648,1500
1638,1638,1522,1584,1611,1422
1639,1639,1412,1486,1515,1332
1640,1640,1726,1786,1816,1602
1641,1641,1752,1825,1822,1593
1642,1642,1764,1815,1837,1626
1643,1643,1710,1785,1793,1569
1644,1644,1660,1719,1742,1531
1645,1645,1560,1637,1692,1482
1646,1646,1591,1671,1687,1510
1647,1647,1500,1594,1622,1420
1648,1648,1438,1516,1563,1338
1649,1649,1315,1355,1419,1232
1650,1650,1386,1451,1478,1295
1651,1651,1386,1436,1459,1348
1652,1652,1400,1463,1484,1357
1653,1653,1394,1437,1458,1343
1654,1654,1363,1393,1427,1289
1655,1655,1359,1402,1428,1282
1656,1656,1315,1375,1392,1220
1657,1657,1277,1327,1351,1168
1658,1658,1208,1254,1284,1121
1659,1659,1137,1185,1204,1034
1660,1660,1447,1527,1565,1351
1661,1661,1514,1579,1611,1429
1662,1662,1519,1592,1612,1419
1663,1663,1486,1542,1582,1365
1664,1664,1443,1493,1528,1329
1665,1665,1384,1431,1452,1332
1666,1666,1383,1426,1448,1333
1667,1667,1418,1461,1486,1331
1668,1668,1411,1454,1490,1318
1669,1669,1286,1337,1374,1209
1670,1670,1242,1276,1302,1107
1671,1671,1325,1387,1421,1240
1672,1672,1407,1485,1538,1322
1673,1673,1473,1535,1558,1367
1674,1674,1507,1569,1601,1418
1675,1675,1504,1556,1587,1420
1676,1676,1490,1534,1565,1402
1677,1677,1463,1494,1534,1364
1678,1678,1444,1494,1513,1393
1679,1679,1400,1460,1476,1351
1680,1680,1723,1791,1809,1668
1681,1681,1677,1750,1767,1651
1682,1682,1667,1723,1743,1578
1683,1683,1581,1628,1646,1504
1684,1684,1544,1585,1604,1475
1685,1685,1535,1592,1637,1472
1686,1686,1489,1556,1570,1407
1687,1687,1417,1470,1502,1359
1688,1688,1338,1416,1453,1282
1689,1689,1216,1308,1338,1103
1690,1690,1417,1505,1541,1373
1691,1691,1429,1507,1536,1358
1692,1692,1530,1581,1614,1456
1693,1693,1590,1650,1665,1490
1694,1694,1598,1656,1671,1529
1695,1695,1546,1609,1613,1489
1696,1696,1448,1520,1538,1423
1697,1697,1419,1473,1497,1387
1698,1698,1404,1456,1477,1359
1699,1699,1338,1393,1416,1271
1700,1700,1673,1732,1766,1591
1701,1701,1649,1721,1741,1589
1702,1702,1667,1722,1755,1601
1703,1703,1629,1687,1707,1547
1704,1704,1533,1591,1610,1430
1705,1705,1485,1548,1565,1387
1706,1706,1474,1546,1585,1387
1707,1707,1417,1506,1528,1344
1708,1708,1319,1369,1402,1219
1709,1709,1225,1287,1298,1161
1710,1710,1666,1702,1734,1550
1711,1711,1611,1637,1667,1504
1712,1712,1575,1598,1621,1498
1713,1713,1519,1529,1553,1433
1714,1714,1418,1452,1484,1353
1715,1715,1380,1404,1446,1332
1716,1716,1377,1407,1442,1345
1717,1717,1347,1390,1411,1290
1718,1718,1186,1248,1286,1126
1719,1719,1093,1154,1175,995
1720,1720,1803,1903,1906,1657
1721,1721,1793,1842,1867,1674
1722,1722,1742,1787,1815,1635
1723,1723,1709,1766,1799,1596
1724,1724,1624,1684,1721,1528
1725,1725,1579,1636,1665,1513
1726,1726,1549,1639,1663,1440
1727,1727,1461,1559,1604,1381
1728,1728,1397,1473,1507,1298
1729,1729,1287,1375,1428,1202
1730,1730,1470,1531,1568,1364
1731,1731,1502,1566,1582,1385
1732,1732,1521,1585,1608,1428
1733,1733,1487,1541,1560,1364
1734,1734,1414,1478,1499,1336
1735,1735,1365,1435,1451,1309
1736,1736,1336,1406,1424,1300
1737,1737,1330,1383,1407,1278
1738,1738,1362,1393,1419,1292
1739,1739,1292,1357,1399,1205
1740,1740,1362,1429,1486,1340
1741,1741,1406,1485,1533,1366
1742,1742,1523,1571,1600,1418
1743,1743,1522,1568,1594,1442
1744,1744,1435,1482,1508,1380
1745,1745,1361,1419,1445,1331
1746,1746,1309,1372,1420,1308
1747,1747,1289,1348,1397,1259
1748,1748,1315,1367,1382,1210
1749,1749,1205,1249,1269,1122
1750,1750,1455,1491,1515,1409
1751,1751,1506,1540,1561,1458
1752,1752,1516,1565,1581,1480
1753,1753,1550,1581,1592,1508
1754,1754,1483,1522,1539,1392
1755,1755,1443,1463,1484,1367
1756,1756,1404,1419,1442,1339
1757,1757,1304,1331,1349,1229
1758,1758,1306,1336,1343,1221
1759,1759,1250,1296,1320,1183
1760,1760,1465,1524,1563,1355
1761,1761,1488,1546,1587,1335
1762,1762,1501,1520,1560,1325
1763,1763,1483,1481,1514,1335
1764,1764,1373,1346,1395,1283
1765,1765,1224,1255,1293,1131
1766,1766,1199,1242,1264,1084
1767,1767,1199,1234,1254,1088
1768,1768,1135,1218,1249,963
1769,1769,1047,1140,1180,924
1770,1770,1692,1747,1776,1624
1771,1771,1650,1686,1710,1604
1772,1772,1612,1657,1687,1524
1773,1773,1578,1623,1645,1499
1774,1774,1501,1535,1577,1414
1775,1775,1500,1541,1563,1444
1776,1776,1505,1551,1577,1464
1777,1777,1495,1539,1561,1401
1778,1778,1432,1467,1493,1364
1779,1779,1339,1374,1409,1254
1780,1780,1539,1597,1629,1460
1781,1781,1493,1551,1562,1361
1782,1782,1471,1537,1559,1361
1783,1783,1415,1473,1509,1341
1784,1784,1325,1378,1414,1311
1785,1785,1292,1336,1368,1255
1786,1786,1284,1323,1356,1231
1787,1787,1245,1316,1343,1174
1788,1788,1178,1223,1252,1069
1789,1789,1045,1124,1158,928
1790,1790,1687,1739,1771,1616
1791,1791,1665,1726,1758,1624
1792,1792,1615,1674,1694,1591
1793,1793,1585,1637,1661,1551
1794,1794,1452,1535,1562,1364
1795,1795,1421,1490,1517,1360
1796,1796,1413,1488,1535,1343
1797,1797,1394,1477,1507,1291
1798,1798,1412,1488,1522,1312
1799,1799,1355,1421,1442,1273
1800,1800,1557,1644,1670,1506
1801,1801,1586,1680,1704,1510
1802,1802,1609,1680,1708,1538
1803,1803,1643,1724,1742,1562
1804,1804,1643,1719,1735,1571
1805,1805,1592,1680,1700,1580
1806,1806,1573,1648,1669,1552
1807,1807,1525,1621,1637,1482
1808,1808,1472,1547,1571,1439
1809,1809,1368,1416,1440,1332
1810,1810,1437,1501,1539,1356
1811,1811,1490,1554,1605,1466
1812,1812,1492,1570,1611,1437
1813,1813,1506,1598,1628,1437
1814,1814,1550,1652,1662,1450
1815,1815,1489,1551,1575,1393
1816,1816,1459,1511,1539,1365
1817,1817,1392,1449,1477,1346
1818,1818,1346,1420,1459,1323
1819,1819,1282,1346,1371,1210
1820,1820,1569,1628,1646,1499
1821,1821,1544,1604,1620,1455
1822,1822,1530,1589,1594,1394
1823,1823,1434,1478,1485,1336
1824,1824,1404,1459,1464,1343
1825,1825,1400,1463,1473,1332
1826,1826,1301,1372,1388,1263
1827,1827,1206,1289,1310,1168
1828,1828,1110,1173,1204,1039
1829,1829,947,1033,1076,827
1830,1830,1452,1477,1506,1338
1831,1831,1486,1530,1549,1432
1832,1832,1547,1580,1602,1460
1833,1833,1541,1559,1597,1474
1834,1834,1528,1572,1596,1470
1835,1835,1510,1540,1563,1451
1836,1836,1484,1515,1529,1398
1837,1837,1417,1433,1450,1364
1838,1838,1386,1409,1428,1331
1839,1839,1354,1378,1392,1295
1840,1840,1481,1522,1547,1460
1841,1841,1517,1588,1635,1419
1842,1842,1579,1649,1683,1439
1843,1843,1552,1620,1653,1443
1844,1844,1500,1550,1590,1435
1845,1845,1431,1486,1511,1385
1846,1846,1365,1437,1468,1315
1847,1847,1271,1333,1373,1177
1848,1848,1214,1262,1281,1059
1849,1849,1076,1148,1167,938
1850,1850,1669,1741,1767,1585
1851,1851,1666,1726,1751,1628
1852,1852,1651,1703,1728,1569
1853,1853,1589,1659,1689,1463
1854,1854,1552,1607,1640,1438
1855,1855,1494,1554,1575,1414
1856,1856,1469,1552,1571,1398
1857,1857,1412,1471,1494,1351
1858,1858,1441,1503,1522,1347
1859,1859,1350,1409,1453,1263
1860,1860,1608,1675,1730,1513
1861,1861,1632,1688,1728,1554
1862,1862,1564,1655,1683,1470
1863,1863,1508,1608,1651,1422
1864,1864,1388,1495,1553,1285
1865,1865,1395,1488,1518,1335
1866,1866,1378,1436,1459,1329
1867,1867,1400,1444,1471,1361
1868,1868,1432,1465,1486,1341
1869,1869,1469,1519,1544,1378
1870,1870,1572,1633,1653,1481
1871,1871,1573,1644,1661,1454
1872,1872,1544,1619,1633,1461
1873,1873,1456,1515,1541,1366
1874,1874,1353,1411,1412,1274
1875,1875,1296,1353,1364,1260
1876,1876,1253,1311,1323,1214
1877,1877,1318,1377,1399,1246
1878,1878,1342,1399,1419,1216
1879,1879,1211,1285,1309,1114
1880,1880,1909,1960,1976,1860
1881,1881,1910,1936,1959,1834
1882,1882,1768,1806,1835,1741
1883,1883,1713,1769,1787,1639
1884,1884,1698,1738,1758,1638
1885,1885,1719,1754,1782,1699
1886,1886,1717,1750,1757,1701
1887,1887,1735,1769,1784,1711
1888,1888,1632,1673,1687,1587
1889,1889,1502,1550,1568,1468
1890,1890,1648,1710,1748,1567
1891,1891,1590,1678,1725,1494
1892,1892,1526,1607,1632,1433
1893,1893,1518,1592,1592,1507
1894,1894,1469,1524,1560,1459
1895,1895,1476,1563,1587,1440
1896,1896,1496,1582,1596,1440
1897,1897,1474,1591,1622,1427
1898,1898,1447,1516,1541,1372
1899,1899,1320,1362,1399,1242
1900,1900,1480,1547,1563,1418
1901,1901,1471,1526,1537,1376
1902,1902,1456,1498,1521,1379
1903,1903,1389,1416,1434,1347
1904,1904,1315,1370,1399,1287
1905,1905,1313,1363,1371,1240
1906,1906,1275,1325,1356,1219
1907,1907,1185,1261,1288,1085
1908,1908,1083,1144,1181,933
1909,1909,936,974,1020,816
1910,1910,1639,1716,1758,1576
1911,1911,1690,1768,1822,1663
1912,1912,1681,1764,1794,1631
1913,1913,1658,1692,1712,1500
1914,1914,1658,1699,1720,1520
1915,1915,1549,1605,1632,1510
1916,1916,1457,1537,1559,1435
1917,1917,1503,1562,1579,1408
1918,1918,1401,1466,1497,1322
1919,1919,1279,1358,1393,1202
1920,1920,1387,1420,1453,1322
1921,1921,1460,1504,1535,1355
1922,1922,1483,1513,1529,1414
1923,1923,1548,1577,1594,1419
1924,1924,1560,1599,1620,1459
1925,1925,1572,1607,1631,1502
1926,1926,1557,1597,1620,1507
1927,1927,1565,1614,1626,1507
1928,1928,1504,1564,1594,1414
1929,1929,1388,1453,1480,1318
1930,1930,1479,1527,1552,1420
1931,1931,1521,1587,1618,1459
1932,1932,1496,1555,1581,1437
1933,1933,1417,1464,1495,1325
1934,1934,1401,1454,1474,1359
1935,1935,1298,1346,1374,1287
1936,1936,1287,1349,1382,1277
1937,1937,1282,1366,1393,1278
1938,1938,1185,1262,1293,1134
1939,1939,1044,1107,1132,978
1940,1940,1354,1434,1473,1331
1941,1941,1415,1473,1506,1360
1942,1942,1461,1520,1537,1379
1943,1943,1470,1523,1552,1345
1944,1944,1531,1568,1587,1402
1945,1945,1495,1550,1569,1421
1946,1946,1418,1448,1464,1366
1947,1947,1344,1382,1418,1337
1948,1948,1361,1397,1426,1342
1949,1949,1389,1427,1449,1328
1950,1950,1447,1495,1530,1322
1951,1951,1462,1530,1560,1346
1952,1952,1518,1574,1604,1408
1953,1953,1505,1588,1642,1360
1954,1954,1541,1608,1635,1400
1955,1955,1601,1631,1647,1465
1956,1956,1577,1593,1602,1453
1957,1957,1559,1589,1610,1501
1958,1958,1487,1545,1592,1432
1959,1959,1519,1576,1602,1446
1960,1960,1442,1483,1499,1350
1961,1961,1424,1477,1490,1346
1962,1962,1405,1446,1474,1359
1963,1963,1357,1403,1421,1327
1964,1964,1275,1331,1346,1286
1965,1965,1236,1279,1293,1224
1966,1966,1239,1271,1289,1176
1967,1967,1178,1240,1269,1126
1968,1968,1099,1148,1171,1004
1969,1969,1007,1067,1099,871
1970,1970,1598,1663,1675,1538
1971,1971,1586,1663,1674,1534
1972,1972,1564,1615,1635,1469
1973,1973,1513,1550,1589,1429
1974,1974,1435,1472,1503,1368
1975,1975,1384,1415,1430,1320
1976,1976,1386,1419,1441,1327
1977,1977,1338,1388,1398,1272
1978,1978,1240,1299,1324,1183
1979,1979,1126,1203,1237,1075
1980,1980,1631,1698,1732,1546
1981,1981,1633,1712,1734,1583
1982,1982,1526,1631,1657,1451
1983,1983,1488,1538,1568,1396
1984,1984,1447,1529,1552,1317
1985,1985,1390,1439,1469,1324
1986,1986,1347,1387,1415,1264
1987,1987,1330,1392,1417,1264
1988,1988,1352,1405,1437,1255
1989,1989,1352,1415,1452,1252
1990,1990,1657,1708,1728,1539
1991,1991,1610,1653,1687,1511
1992,1992,1629,1682,1720,1493
1993,1993,1635,1682,1700,1502
1994,1994,1625,1651,1672,1497
1995,1995,1559,1584,1599,1447
1996,1996,1508,1553,1586,1416
1997,1997,1455,1522,1546,1360
1998,1998,1411,1485,1515,1341
1999,1999,1320,1369,1395,1243
2000,2000,1654,1707,1740,1626
2001,2001,1697,1738,1759,1648
2002,2002,1644,1694,1728,1597
2003,2003,1590,1646,1659,1532
2004,2004,1527,1557,1579,1503
2005,2005,1461,1516,1535,1445
2006,2006,1450,1501,1535,1421
2007,2007,1525,1560,1579,1462
2008,2008,1378,1447,1489,1323
2009,2009,1289,1343,1373,1207
2010,2010,1579,1652,1681,1530
2011,2011,1529,1580,1587,1470
2012,2012,1515,1562,1581,1427
2013,2013,1518,1577,1600,1413
2014,2014,1509,1573,1611,1395
2015,2015,1427,1485,1508,1338
2016,2016,1316,1375,1404,1231
2017,2017,1188,1258,1300,1113
2018,2018,1031,1110,1158,959
2019,2019,899,981,1015,782
2020,2020,1440,1522,1553,1366
2021,2021,1508,1593,1619,1446
2022,2022,1553,1629,1668,1501
2023,2023,1551,1591,1632,1477
2024,2024,1557,1607,1623,1453
2025,2025,1517,1535,1560,1430
2026,2026,1490,1525,1550,1446
2027,2027,1425,1464,1490,1394
2028,2028,1408,1464,1489,1353
2029,2029,1371,1430,1456,1289
2030,2030,1437,1466,1503,1366
2031,2031,1476,1546,1574,1392
2032,2032,1526,1606,1622,1432
2033,2033,1556,1622,1642,1452
2034,2034,1597,1634,1658,1484
2035,2035,1539,1612,1630,1453
2036,2036,1505,1573,1590,1448
2037,2037,1474,1542,1556,1457
2038,2038,1386,1449,1481,1382
2039,2039,1289,1369,1396,1254
2040,2040,1308,1356,1397,1197
2041,2041,1342,1391,1419,1323
2042,2042,1398,1453,1474,1353
2043,2043,1446,1505,1532,1348
2044,2044,1500,1533,1560,1416
2045,2045,1480,1520,1546,1425
2046,2046,1425,1454,1481,1416
2047,2047,1407,1460,1473,1357
2048,2048,1341,1399,1420,1277
2049,2049,1272,1326,1349,1183
2050,2050,1274,1348,1361,1208
2051,2051,1315,1384,1414,1267
2052,2052,1366,1443,1471,1301
2053,2053,1413,1474,1505,1324
2054,2054,1425,1479,1509,1322
2055,2055,1348,1418,1439,1211
2056,2056,1283,1343,1371,1179
2057,2057,1252,1288,1307,1226
2058,2058,1189,1242,1268,1139
2059,2059,1225,1263,1288,1164
2060,2060,1249,1302,1360,1115
2061,2061,1400,1457,1481,1331
2062,2062,1488,1545,1581,1409
2063,2063,1602,1648,1673,1509
2064,2064,1601,1650,1666,1520
2065,2065,1588,1643,1654,1498
2066,2066,1565,1630,1650,1450
2067,2067,1569,1627,1643,1423
2068,2068,1544,1589,1600,1439
2069,2069,1504,1536,1548,1439
2070,2070,1568,1611,1662,1477
2071,2071,1598,1657,1678,1519
2072,2072,1554,1609,1626,1488
2073,2073,1501,1541,1571,1443
2074,2074,1428,1489,1506,1371
2075,2075,1417,1474,1501,1404
2076,2076,1412,1469,1488,1363
2077,2077,1332,1407,1433,1312
2078,2078,1246,1322,1346,1178
2079,2079,1129,1208,1253,1042
2080,2080,1474,1571,1595,1417
2081,2081,1499,1556,1565,1437
2082,2082,1477,1536,1552,1404
2083,2083,1389,1468,1512,1315
2084,2084,1357,1427,1427,1309
2085,2085,1330,1379,1406,1289
2086,2086,1328,1361,1383,1277
2087,2087,1323,1378,1377,1230
2088,2088,1309,1344,1358,1253
2089,2089,1283,1310,1316,1197
2090,2090,1535,1578,1612,1478
2091,2091,1485,1546,1565,1397
2092,2092,1431,1474,1514,1331
2093,2093,1467,1486,1510,1333
2094,2094,1371,1408,1433,1292
2095,2095,1318,1358,1394,1255
2096,2096,1280,1307,1342,1218
2097,2097,1242,1288,1324,1207
2098,2098,1232,1300,1328,1185
2099,2099,1273,1327,1354,1197
2100,2100,1436,1486,1508,1358
2101,2101,1464,1536,1566,1356
2102,2102,1513,1586,1615,1422
2103,2103,1534,1585,1602,1462
2104,2104,1463,1514,1523,1436
2105,2105,1500,1523,1552,1435
2106,2106,1428,1487,1514,1378
2107,2107,1317,1396,1427,1241
2108,2108,1226,1276,1291,1137
2109,2109,1142,1180,1192,1023
2110,2110,1492,1531,1559,1417
2111,2111,1510,1548,1559,1418
2112,2112,1510,1539,1545,1405
2113,2113,1473,1502,1525,1365
2114,2114,1469,1491,1515,1332
2115,2115,1392,1414,1428,1348
2116,2116,1368,1390,1405,1328
2117,2117,1360,1394,1423,1290
2118,2118,1284,1335,1375,1249
2119,2119,1218,1266,1293,1145
2120,2120,1771,1838,1873,1719
2121,2121,1713,1788,1815,1617
2122,2122,1642,1725,1768,1580
2123,2123,1575,1655,1681,1509
2124,2124,1526,1588,1601,1462
2125,2125,1474,1542,1559,1407
2126,2126,1475,1552,1587,1374
2127,2127,1452,1522,1553,1313
2128,2128,1366,1423,1457,1269
2129,2129,1310,1361,1394,1211
2130,2130,1357,1386,1410,1233
2131,2131,1477,1507,1524,1362
2132,2132,1498,1551,1567,1381
2133,2133,1541,1574,1590,1425
2134,2134,1479,1551,1565,1385
2135,2135,1437,1500,1521,1356
2136,2136,1429,1478,1488,1303
2137,2137,1313,1356,1366,1248
2138,2138,1304,1347,1365,1255
2139,2139,1295,1340,1357,1187
2140,2140,1532,1570,1591,1468
2141,2141,1486,1533,1543,1372
2142,2142,1419,1455,1473,1349
2143,2143,1306,1362,1368,1254
2144,2144,1219,1259,1283,1169
2145,2145,1205,1258,1278,1147
2146,2146,1163,1210,1232,1144
2147,2147,1206,1230,1243,1152
2148,2148,1216,1251,1269,1159
2149,2149,1163,1216,1223,1081
2150,2150,1529,1589,1625,1444
2151,2151,1544,1610,1655,1453
2152,2152,1593,1652,1688,1520
2153,2153,1661,1700,1724,1558
2154,2154,1625,1674,1713,1535
2155,2155,1548,1593,1618,1497
2156,2156,1495,1567,1591,1441
2157,2157,1488,1550,1585,1433
2158,2158,1494,1562,1608,1424
2159,2159,1328,1411,1463,1226
2160,2160,1180,1217,1242,1028
2161,2161,1169,1196,1219,1037
2162,2162,1151,1179,1203,1053
2163,2163,1156,1190,1224,1081
2164,2164,1183,1220,1236,1111
2165,2165,1162,1220,1256,1132
2166,2166,1141,1196,1240,1098
2167,2167,1150,1203,1233,1086
2168,2168,1098,1133,1168,1086
2169,2169,1079,1122,1144,983
2170,2170,1625,1664,1682,1552
2171,2171,1585,1642,1667,1487
2172,2172,1527,1566,1579,1439
2173,2173,1423,1469,1487,1371
2174,2174,1373,1413,1439,1318
2175,2175,1322,1369,1396,1290
2176,2176,1342,1390,1414,1301
2177,2177,1360,1415,1446,1292
2178,2178,1252,1323,1358,1168
2179,2179,1161,1242,1264,1090
2180,2180,1964,2023,2032,1854
2181,2181,1897,1958,1991,1790
2182,2182,1854,1896,1928,1763
2183,2183,1771,1828,1848,1665
2184,2184,1647,1733,1745,1543
2185,2185,1629,1705,1731,1552
2186,2186,1611,1685,1724,1526
2187,2187,1505,1583,1627,1424
2188,2188,1426,1488,1511,1330
2189,2189,1319,1386,1417,1203
2190,2190,1458,1531,1551,1383
2191,2191,1543,1603,1630,1473
2192,2192,1620,1692,1708,1472
2193,2193,1548,1636,1653,1508
2194,2194,1552,1593,1599,1547
2195,2195,1496,1511,1526,1506
2196,2196,1456,1457,1486,1450
2197,2197,1505,1532,1532,1387
2198,2198,1476,1518,1516,1405
2199,2199,1446,1472,1470,1349
2200,2200,1743,1816,1852,1675
2201,2201,1740,1809,1838,1678
2202,2202,1776,1842,1869,1682
2203,2203,1793,1847,1869,1680
2204,2204,1739,1781,1804,1629
2205,2205,1641,1722,1746,1600
2206,2206,1658,1743,1763,1582
2207,2207,1604,1688,1722,1554
2208,2208,1505,1597,1635,1447
2209,2209,1436,1506,1552,1375
2210,2210,1702,1743,1772,1596
2211,2211,1693,1754,1786,1591
2212,2212,1615,1664,1678,1486
2213,2213,1518,1613,1642,1380
2214,2214,1549,1625,1664,1407
2215,2215,1548,1612,1653,1428
2216,2216,1505,1570,1602,1366
2217,2217,1418,1492,1526,1265
2218,2218,1285,1347,1373,1183
2219,2219,1146,1235,1276,1008
2220,2220,1485,1533,1571,1415
2221,2221,1448,1487,1514,1348
2222,2222,1370,1433,1470,1254
2223,2223,1335,1392,1434,1237
2224,2224,1313,1394,1415,1250
2225,2225,1291,1382,1425,1251
2226,2226,1305,1398,1440,1241
2227,2227,1305,1379,1414,1215
2228,2228,1226,1320,1368,1152
2229,2229,1087,1169,1220,1034
2230,2230,1319,1383,1427,1237
2231,2231,1350,1429,1457,1248
2232,2232,1387,1475,1502,1315
2233,2233,1461,1509,1551,1346
2234,2234,1468,1507,1531,1344
2235,2235,1447,1487,1510,1337
2236,2236,1404,1433,1456,1344
2237,2237,1381,1416,1446,1352
2238,2238,1372,1426,1453,1313
2239,2239,1380,1434,1484,1326
2240,2240,1580,1647,1681,1472
2241,2241,1580,1658,1685,1485
2242,2242,1604,1674,1720,1521
2243,2243,1572,1651,1677,1450
2244,2244,1464,1549,1576,1362
2245,2245,1406,1475,1506,1330
2246,2246,1381,1478,1506,1344
2247,2247,1367,1420,1451,1315
2248,2248,1343,1412,1444,1289
2249,2249,1303,1355,1391,1238
2250,2250,1457,1512,1540,1342
2251,2251,1481,1531,1556,1371
2252,2252,1450,1520,1543,1370
2253,2253,1422,1484,1513,1342
2254,2254,1377,1423,1448,1309
2255,2255,1339,1390,1415,1256
2256,2256,1258,1314,1346,1184
2257,2257,1207,1242,1280,1110
2258,2258,1094,1151,1183,1013
2259,2259,959,1031,1057,864
2260,2260,1782,1833,1858,1738
2261,2261,1769,1828,1860,1697
2262,2262,1706,1759,1782,1628
2263,2263,1640,1687,1712,1592
2264,2264,1581,1619,1645,1547
2265,2265,1528,1572,1609,1486
2266,2266,1563,1603,1626,1480
2267,2267,1508,1562,1584,1444
2268,2268,1403,1460,1490,1351
2269,2269,1309,1361,1383,1234
2270,2270,1263,1295,1349,1208
2271,2271,1298,1361,1394,1250
2272,2272,1310,1349,1387,1228
2273,2273,1293,1346,1374,1194
2274,2274,1345,1407,1452,1244
2275,2275,1390,1457,1479,1304
2276,2276,1370,1402,1428,1299
2277,2277,1317,1383,1411,1246
2278,2278,1302,1371,1402,1255
2279,2279,1277,1364,1381,1214
2280,2280,1509,1576,1598,1429
2281,2281,1494,1540,1574,1431
2282,2282,1484,1547,1587,1396
2283,2283,1496,1558,1579,1369
2284,2284,1422,1492,1529,1332
2285,2285,1375,1419,1434,1328
2286,2286,1335,1371,1395,1290
2287,2287,1349,1390,1417,1321
2288,2288,1355,1386,1414,1290
2289,2289,1239,1260,1283,1183
2290,2290,1807,1846,1879,1779
2291,2291,1828,1897,1928,1801
2292,2292,1738,1833,1863,1715
2293,2293,1698,1785,1825,1666
2294,2294,1754,1797,1811,1703
2295,2295,1623,1690,1711,1622
2296,2296,1619,1678,1708,1592
2297,2297,1609,1654,1679,1576
2298,2298,1527,1595,1621,1490
2299,2299,1391,1469,1480,1317
2300,2300,1451,1531,1548,1335
2301,2301,1464,1548,1552,1336
2302,2302,1473,1539,1555,1297
2303,2303,1416,1488,1520,1254
2304,2304,1354,1380,1406,1213
2305,2305,1292,1354,1376,1195
2306,2306,1275,1374,1408,1208
2307,2307,1271,1369,1409,1232
2308,2308,1203,1282,1316,1120
2309,2309,1090,1164,1215,989
2310,2310,1581,1645,1679,1487
2311,2311,1601,1669,1699,1487
2312,2312,1563,1618,1650,1445
2313,2313,1506,1560,1588,1448
2314,2314,1429,1481,1513,1377
2315,2315,1413,1461,1496,1357
2316,2316,1457,1511,1542,1382
2317,2317,1414,1472,1507,1368
2318,2318,1315,1383,1411,1213
2319,2319,1207,1249,1283,1118
2320,2320,1690,1742,1773,1628
2321,2321,1670,1714,1740,1589
2322,2322,1601,1665,1680,1470
2323,2323,1517,1580,1603,1415
2324,2324,1451,1522,1536,1384
2325,2325,1447,1526,1555,1396
2326,2326,1467,1539,1580,1398
2327,2327,1439,1535,1590,1350
2328,2328,1287,1384,1442,1212
2329,2329,1102,1221,1286,1060
2330,2330,1350,1412,1428,1238
2331,2331,1284,1346,1369,1238
2332,2332,1282,1298,1333,1221
2333,2333,1296,1324,1356,1242
2334,2334,1258,1301,1318,1147
2335,2335,1159,1209,1224,1079
2336,2336,1014,1081,1107,901
2337,2337,857,933,950,690
2338,2338,746,790,812,599
2339,2339,629,649,667,504
2340,2340,1652,1719,1748,1559
2341,2341,1612,1659,1698,1521
2342,2342,1584,1634,1666,1452
2343,2343,1551,1591,1609,1456
2344,2344,1535,1562,1567,1445
2345,2345,1441,1493,1528,1393
2346,2346,1410,1464,1500,1347
2347,2347,1417,1460,1497,1351
2348,2348,1346,1403,1431,1281
2349,2349,1271,1342,1357,1181
2350,2350,1461,1579,1592,1412
2351,2351,1563,1630,1659,1441
2352,2352,1578,1649,1677,1412
2353,2353,1600,1656,1687,1427
2354,2354,1595,1638,1658,1444
2355,2355,1543,1599,1624,1450
2356,2356,1487,1557,1565,1427
2357,2357,1446,1550,1558,1367
2358,2358,1411,1505,1527,1335
2359,2359,1328,1404,1431,1231
2360,2360,1364,1418,1454,1292
2361,2361,1421,1475,1529,1390
2362,2362,1460,1545,1570,1389
2363,2363,1526,1586,1622,1428
2364,2364,1541,1588,1618,1429
2365,2365,1514,1545,1576,1423
2366,2366,1399,1427,1460,1382
2367,2367,1426,1476,1503,1422
2368,2368,1450,1491,1513,1411
2369,2369,1325,1379,1408,1310
2370,2370,1652,1723,1751,1559
2371,2371,1710,1800,1828,1646
2372,2372,1757,1824,1845,1668
2373,2373,1746,1812,1821,1668
2374,2374,1677,1734,1750,1636
2375,2375,1584,1632,1643,1531
2376,2376,1504,1563,1572,1473
2377,2377,1482,1523,1536,1437
2378,2378,1541,1604,1647,1426
2379,2379,1442,1499,1534,1339
2380,2380,1422,1475,1499,1385
2381,2381,1442,1514,1533,1379
2382,2382,1466,1530,1548,1327
2383,2383,1455,1496,1524,1360
2384,2384,1395,1453,1479,1359
2385,2385,1354,1376,1398,1298
2386,2386,1317,1358,1372,1306
2387,2387,1296,1344,1369,1299
2388,2388,1234,1291,1310,1182
2389,2389,1127,1187,1211,1068
2390,2390,1555,1608,1625,1461
2391,2391,1582,1625,1656,1475
2392,2392,1571,1596,1626,1480
2393,2393,1520,1545,1571,1445
2394,2394,1453,1487,1514,1413
2395,2395,1442,1487,1512,1398
2396,2396,1372,1417,1463,1329
2397,2397,1270,1335,1361,1203
2398,2398,1117,1178,1220,1068
2399,2399,1003,1056,1084,904
2400,2400,1293,1343,1384,1203
2401,2401,1332,1376,1405,1243
2402,2402,1365,1396,1430,1276
2403,2403,1422,1457,1491,1340
2404,2404,1465,1517,1539,1372
2405,2405,1446,1512,1530,1350
2406,2406,1399,1439,1447,1361
2407,2407,1383,1416,1423,1345
2408,2408,1352,1399,1416,1317
2409,2409,1353,1404,1417,1305
2410,2410,1349,1412,1436,1279
2411,2411,1421,1469,1487,1305
2412,2412,1446,1528,1556,1335
2413,2413,1405,1455,1493,1297
2414,2414,1320,1351,1376,1253
2415,2415,1307,1346,1375,1261
2416,2416,1253,1303,1318,1186
2417,2417,1210,1255,1290,1131
2418,2418,1239,1278,1291,1151
2419,2419,1132,1191,1214,1051
2420,2420,1694,1744,1767,1623
2421,2421,1663,1724,1731,1578
2422,2422,1662,1707,1737,1565
2423,2423,1609,1664,1671,1527
2424,2424,1529,1579,1587,1470
2425,2425,1518,1559,1592,1498
2426,2426,1542,1592,1627,1455
2427,2427,1445,1512,1555,1390
2428,2428,1346,1413,1435,1286
2429,2429,1192,1273,1290,1118
2430,2430,1163,1204,1215,1017
2431,2431,1219,1289,1322,1107
2432,2432,1333,1384,1407,1243
2433,2433,1278,1361,1380,1213
2434,2434,1322,1399,1413,1211
2435,2435,1318,1369,1386,1186
2436,2436,1198,1275,1306,1095
2437,2437,1144,1209,1222,1091
2438,2438,1113,1150,1170,1088
2439,2439,1070,1100,1134,1060
2440,2440,1293,1380,1416,1236
2441,2441,1379,1444,1499,1327
2442,2442,1439,1504,1532,1338
2443,2443,1463,1527,1548,1373
2444,2444,1471,1515,1539,1346
2445,2445,1471,1528,1535,1351
2446,2446,1461,1505,1506,1304
2447,2447,1412,1456,1455,1275
2448,2448,1366,1401,1427,1271
2449,2449,1286,1339,1369,1218
2450,2450,1619,1653,1684,1523
2451,2451,1576,1617,1655,1495
2452,2452,1563,1592,1622,1485
2453,2453,1485,1512,1536,1414
2454,2454,1485,1531,1546,1419
2455,2455,1460,1499,1522,1370
2456,2456,1376,1416,1440,1314
2457,2457,1254,1318,1356,1181
2458,2458,1146,1206,1247,1030
2459,2459,1030,1094,1113,906
2460,2460,1480,1544,1572,1438
2461,2461,1505,1551,1597,1434
2462,2462,1573,1617,1647,1450
2463,2463,1528,1595,1638,1394
2464,2464,1505,1514,1568,1403
2465,2465,1427,1455,1488,1380
2466,2466,1360,1399,1447,1340
2467,2467,1411,1424,1476,1398
2468,2468,1409,1460,1499,1349
2469,2469,1322,1349,1390,1280
2470,2470,1553,1608,1651,1486
2471,2471,1536,1600,1650,1452
2472,2472,1563,1632,1679,1473
2473,2473,1579,1622,1657,1476
2474,2474,1546,1600,1623,1467
2475,2475,1476,1524,1550,1435
2476,2476,1472,1507,1535,1423
2477,2477,1462,1539,1551,1417
2478,2478,1339,1414,1443,1306
2479,2479,1218,1287,1317,1194
2480,2480,1396,1493,1516,1352
2481,2481,1449,1536,1560,1434
2482,2482,1509,1565,1590,1421
2483,2483,1573,1622,1639,1447
2484,2484,1583,1613,1630,1453
2485,2485,1502,1558,1591,1403
2486,2486,1477,1534,1537,1429
2487,2487,1449,1504,1521,1393
2488,2488,1422,1480,1505,1354
2489,2489,1321,1373,1406,1270
2490,2490,1513,1587,1619,1366
2491,2491,1555,1620,1658,1426
2492,2492,1562,1603,1622,1457
2493,2493,1509,1558,1589,1378
2494,2494,1449,1484,1525,1301
2495,2495,1400,1446,1477,1292
2496,2496,1344,1415,1446,1309
2497,2497,1316,1407,1450,1279
2498,2498,1233,1309,1349,1185
2499,2499,1154,1233,1259,1070
2500,2500,1569,1614,1645,1499
2501,2501,1525,1573,1606,1426
2502,2502,1510,1561,1598,1397
2503,2503,1521,1559,1589,1451
2504,2504,1475,1498,1514,1386
2505,2505,1362,1420,1431,1275
2506,2506,1360,1394,1401,1292
2507,2507,1361,1427,1446,1272
2508,2508,1263,1330,1361,1189
2509,2509,1163,1233,1257,1085
2510,2510,1489,1541,1565,1434
2511,2511,1449,1525,1546,1354
2512,2512,1396,1474,1497,1304
2513,2513,1404,1471,1483,1304
2514,2514,1319,1380,1386,1246
2515,2515,1292,1339,1358,1247
2516,2516,1289,1353,1370,1222
2517,2517,1235,1297,1324,1196
2518,2518,1151,1206,1235,1080
2519,2519,1031,1106,1135,965
2520,2520,1341,1389,1432,1283
2521,2521,1354,1432,1463,1292
2522,2522,1388,1458,1478,1276
2523,2523,1416,1503,1523,1268
2524,2524,1397,1492,1522,1246
2525,2525,1345,1419,1456,1285
2526,2526,1292,1370,1393,1286
2527,2527,1270,1360,1391,1247
2528,2528,1216,1304,1339,1127
2529,2529,1111,1190,1226,1023
2530,2530,1525,1557,1589,1413
2531,2531,1536,1589,1630,1448
2532,2532,1528,1590,1618,1438
2533,2533,1503,1550,1582,1452
2534,2534,1423,1460,1490,1389
2535,2535,1409,1446,1476,1378
2536,2536,1349,1394,1410,1286
2537,2537,1285,1340,1363,1238
2538,2538,1170,1218,1254,1138
2539,2539,1076,1113,1136,1000
2540,2540,1621,1685,1702,1535
2541,2541,1638,1674,1703,1517
2542,2542,1585,1630,1645,1462
2543,2543,1524,1588,1603,1416
2544,2544,1465,1504,1525,1341
2545,2545,1431,1476,1480,1347
2546,2546,1412,1425,1446,1328
2547,2547,1341,1384,1410,1266
2548,2548,1310,1352,1365,1242
2549,2549,1226,1258,1284,1127
2550,2550,1579,1620,1655,1521
2551,2551,1595,1666,1702,1538
2552,2552,1632,1687,1717,1531
2553,2553,1606,1675,1694,1503
2554,2554,1570,1627,1647,1472
2555,2555,1489,1534,1562,1413
2556,2556,1490,1528,1557,1430
2557,2557,1523,1575,1599,1476
2558,2558,1468,1545,1568,1426
2559,2559,1407,1475,1513,1373
2560,2560,1704,1762,1788,1610
2561,2561,1622,1679,1711,1612
2562,2562,1502,1592,1628,1455
2563,2563,1520,1579,1616,1472
2564,2564,1514,1575,1612,1419
2565,2565,1429,1507,1529,1371
2566,2566,1321,1388,1409,1261
2567,2567,1228,1280,1294,1137
2568,2568,1025,1088,1118,917
2569,2569,867,946,987,743
2570,2570,1349,1402,1424,1299
2571,2571,1369,1441,1460,1287
2572,2572,1341,1398,1421,1217
2573,2573,1296,1340,1359,1192
2574,2574,1237,1253,1263,1160
2575,2575,1165,1187,1207,1100
2576,2576,1172,1222,1247,1108
2577,2577,1134,1191,1216,1048
2578,2578,1033,1105,1123,828
2579,2579,910,1004,1036,761
2580,2580,1494,1547,1570,1426
2581,2581,1538,1568,1588,1477
2582,2582,1501,1553,1569,1418
2583,2583,1430,1488,1521,1342
2584,2584,1350,1405,1439,1320
2585,2585,1349,1384,1410,1343
2586,2586,1347,1378,1384,1334
2587,2587,1371,1408,1429,1364
2588,2588,1439,1473,1488,1396
2589,2589,1458,1509,1539,1408
2590,2590,1473,1528,1557,1417
2591,2591,1437,1476,1507,1363
2592,2592,1487,1534,1584,1330
2593,2593,1440,1469,1494,1357
2594,2594,1357,1400,1430,1258
2595,2595,1375,1405,1423,1295
2596,2596,1343,1384,1406,1289
2597,2597,1332,1396,1419,1295
2598,2598,1298,1361,1381,1241
2599,2599,1195,1269,1290,1148
2600,2600,1505,1609,1670,1418
2601,2601,1533,1633,1668,1473
2602,2602,1565,1647,1680,1496
2603,2603,1590,1671,1699,1512
2604,2604,1553,1612,1638,1482
2605,2605,1479,1537,1546,1419
2606,2606,1442,1477,1497,1413
2607,2607,1341,1430,1467,1354
2608,2608,1344,1428,1469,1311
2609,2609,1411,1482,1511,1322
2610,2610,1398,1438,1479,1296
2611,2611,1469,1511,1537,1392
2612,2612,1472,1537,1577,1383
2613,2613,1519,1561,1570,1468
2614,2614,1501,1521,1544,1436
2615,2615,1444,1480,1491,1424
2616,2616,1442,1473,1484,1409
2617,2617,1454,1509,1518,1416
2618,2618,1360,1415,1449,1296
2619,2619,1204,1255,1282,1157
2620,2620,1343,1397,1428,1254
2621,2621,1434,1495,1525,1339
2622,2622,1486,1527,1550,1386
2623,2623,1536,1565,1596,1446
2624,2624,1525,1571,1602,1447
2625,2625,1508,1545,1574,1412
2626,2626,1471,1501,1538,1407
2627,2627,1404,1460,1507,1404
2628,2628,1407,1439,1466,1365
2629,2629,1335,1395,1421,1303
2630,2630,1341,1406,1428,1304
2631,2631,1354,1448,1475,1325
2632,2632,1421,1469,1485,1357
2633,2633,1432,1493,1499,1312
2634,2634,1311,1358,1373,1251
2635,2635,1319,1350,1375,1214
2636,2636,1312,1357,1381,1244
2637,2637,1352,1406,1433,1253
2638,2638,1215,1324,1342,1151
2639,2639,1113,1207,1212,1118
2640,2640,1349,1407,1438,1292
2641,2641,1409,1471,1503,1314
2642,2642,1433,1473,1500,1312
2643,2643,1466,1534,1554,1357
2644,2644,1486,1566,1586,1346
2645,2645,1458,1523,1542,1375
2646,2646,1433,1470,1506,1401
2647,2647,1403,1445,1462,1386
2648,2648,1398,1426,1449,1342
2649,2649,1378,1421,1446,1316
