,+10%,+20%,-20%,Original masks
0,1714,1669,1728,1738
1,1757,1727,1776,1776
2,1753,1711,1760,1762
3,1692,1671,1714,1717
4,1626,1617,1644,1645
5,1558,1535,1572,1576
6,1535,1499,1540,1547
7,1529,1491,1550,1556
8,1434,1409,1436,1438
9,1324,1288,1331,1332
10,1184,1190,1184,1186
11,1213,1211,1207,1221
12,1289,1282,1280,1284
13,1274,1278,1268,1287
14,1272,1277,1272,1270
15,1268,1270,1261,1270
16,1258,1250,1260,1251
17,1221,1216,1228,1214
18,1204,1203,1205,1207
19,1202,1200,1198,1199
20,1512,1480,1486,1481
21,1529,1505,1498,1513
22,1500,1488,1488,1490
23,1460,1440,1432,1445
24,1447,1424,1432,1430
25,1377,1354,1363,1361
26,1314,1291,1322,1294
27,1278,1260,1280,1261
28,1180,1166,1167,1173
29,1094,1080,1090,1085
30,1374,1347,1347,1378
31,1383,1347,1337,1401
32,1415,1397,1387,1422
33,1485,1455,1447,1495
34,1429,1396,1386,1439
35,1341,1318,1300,1350
36,1309,1279,1271,1336
37,1320,1297,1292,1331
38,1319,1282,1278,1332
39,1293,1240,1247,1297
40,1187,1179,1261,1231
41,1213,1203,1294,1259
42,1180,1166,1293,1241
43,1251,1230,1324,1290
44,1223,1185,1287,1257
45,1132,1123,1192,1174
46,1145,1133,1191,1180
47,1122,1113,1154,1124
48,1113,1103,1150,1128
49,1081,1063,1138,1119
50,1310,1301,1333,1300
51,1312,1314,1346,1301
52,1384,1373,1401,1378
53,1374,1361,1384,1373
54,1431,1417,1441,1432
55,1465,1456,1479,1463
56,1417,1411,1420,1418
57,1322,1315,1327,1321
58,1253,1242,1262,1252
59,1262,1255,1271,1261
60,1364,1365,1371,1369
61,1381,1387,1399,1401
62,1391,1392,1410,1410
63,1435,1442,1471,1457
64,1464,1469,1474,1480
65,1505,1508,1512,1508
66,1475,1473,1474,1475
67,1469,1470,1462,1461
68,1414,1415,1412,1411
69,1345,1345,1338,1337
70,1752,1735,1759,1755
71,1753,1733,1748,1757
72,1745,1721,1738,1759
73,1698,1674,1677,1694
74,1631,1623,1630,1635
75,1597,1575,1588,1603
76,1521,1503,1511,1528
77,1429,1407,1421,1431
78,1307,1287,1294,1310
79,1178,1161,1170,1180
80,1433,1403,1467,1455
81,1551,1531,1584,1555
82,1579,1551,1626,1594
83,1609,1602,1634,1614
84,1514,1486,1538,1531
85,1430,1420,1451,1452
86,1385,1372,1404,1403
87,1436,1408,1451,1440
88,1416,1395,1451,1449
89,1250,1206,1259,1278
90,1380,1359,1377,1395
91,1406,1398,1388,1406
92,1441,1421,1421,1434
93,1418,1418,1395,1412
94,1381,1396,1362,1379
95,1323,1316,1304,1325
96,1236,1236,1223,1226
97,1196,1183,1185,1200
98,1196,1190,1184,1207
99,1194,1184,1178,1197
100,1356,1358,1361,1347
101,1398,1390,1383,1377
102,1465,1461,1457,1452
103,1504,1505,1503,1500
104,1482,1478,1483,1478
105,1446,1447,1445,1442
106,1392,1388,1385,1387
107,1404,1402,1397,1392
108,1329,1322,1320,1314
109,1247,1242,1233,1225
110,1414,1397,1444,1424
111,1438,1402,1463,1445
112,1499,1454,1527,1509
113,1551,1515,1570,1549
114,1546,1535,1574,1549
115,1479,1467,1500,1489
116,1418,1391,1427,1418
117,1372,1340,1382,1372
118,1390,1349,1408,1406
119,1322,1273,1337,1329
120,1413,1383,1446,1439
121,1483,1452,1538,1514
122,1538,1507,1569,1559
123,1534,1496,1574,1565
124,1485,1451,1513,1509
125,1385,1359,1416,1406
126,1403,1376,1428,1425
127,1449,1406,1476,1468
128,1354,1307,1369,1373
129,1243,1197,1258,1269
130,1488,1491,1507,1502
131,1522,1523,1545,1534
132,1595,1586,1592,1597
133,1643,1626,1662,1661
134,1641,1634,1644,1646
135,1591,1585,1582,1586
136,1579,1581,1577,1579
137,1539,1533,1520,1536
138,1457,1460,1450,1461
139,1385,1382,1378,1390
140,1465,1449,1466,1472
141,1516,1505,1516,1519
142,1519,1510,1522,1528
143,1459,1441,1455,1467
144,1372,1365,1368,1380
145,1308,1306,1317,1323
146,1335,1325,1337,1338
147,1293,1287,1294,1297
148,1203,1193,1195,1203
149,1095,1085,1095,1103
150,1315,1278,1357,1349
151,1372,1338,1411,1401
152,1411,1377,1449,1453
153,1463,1447,1483,1475
154,1382,1357,1413,1415
155,1319,1315,1338,1338
156,1284,1284,1319,1319
157,1277,1262,1307,1312
158,1272,1239,1301,1320
159,1121,1068,1147,1174
160,1700,1652,1737,1737
161,1682,1646,1722,1713
162,1680,1643,1706,1700
163,1660,1620,1712,1684
164,1601,1546,1658,1618
165,1584,1553,1611,1601
166,1561,1536,1603,1593
167,1481,1446,1532,1528
168,1385,1346,1417,1412
169,1290,1250,1322,1326
170,1733,1725,1752,1752
171,1775,1774,1805,1802
172,1769,1765,1790,1789
173,1736,1731,1751,1743
174,1681,1682,1700,1701
175,1638,1641,1657,1651
176,1608,1612,1644,1632
177,1527,1531,1561,1549
178,1426,1434,1448,1444
179,1308,1313,1333,1325
180,1672,1675,1673,1662
181,1682,1675,1672,1658
182,1601,1596,1604,1596
183,1579,1575,1581,1573
184,1485,1483,1482,1478
185,1467,1458,1461,1442
186,1474,1476,1477,1466
187,1465,1462,1460,1453
188,1364,1362,1348,1350
189,1287,1289,1276,1280
190,1726,1724,1747,1731
191,1718,1715,1726,1720
192,1702,1702,1715,1711
193,1646,1639,1657,1660
194,1544,1542,1547,1557
195,1567,1564,1574,1572
196,1528,1528,1534,1536
197,1457,1458,1455,1466
198,1351,1350,1353,1353
199,1198,1197,1204,1207
200,1474,1452,1474,1477
201,1537,1501,1542,1545
202,1537,1500,1535,1544
203,1491,1459,1489,1498
204,1414,1386,1410,1420
205,1331,1304,1323,1332
206,1321,1295,1338,1328
207,1262,1240,1265,1265
208,1158,1131,1162,1158
209,1060,1037,1059,1064
210,1483,1455,1499,1484
211,1508,1468,1526,1512
212,1535,1494,1538,1529
213,1592,1561,1602,1588
214,1602,1573,1614,1603
215,1578,1558,1591,1586
216,1447,1413,1451,1452
217,1364,1329,1378,1362
218,1385,1343,1395,1376
219,1334,1297,1353,1334
220,1669,1680,1682,1704
221,1655,1656,1671,1679
222,1573,1553,1568,1567
223,1471,1499,1513,1515
224,1348,1353,1382,1382
225,1364,1370,1365,1363
226,1320,1323,1345,1329
227,1332,1335,1339,1350
228,1310,1308,1319,1326
229,1326,1329,1342,1335
230,1609,1577,1652,1650
231,1609,1588,1655,1644
232,1599,1564,1632,1630
233,1558,1526,1607,1595
234,1515,1460,1553,1547
235,1468,1439,1493,1494
236,1495,1457,1514,1522
237,1450,1415,1462,1460
238,1371,1336,1398,1393
239,1268,1233,1297,1289
240,1629,1632,1641,1621
241,1588,1588,1595,1589
242,1582,1582,1595,1591
243,1511,1515,1526,1528
244,1435,1439,1456,1439
245,1426,1427,1456,1432
246,1400,1402,1418,1388
247,1313,1314,1336,1309
248,1229,1231,1257,1220
249,1127,1130,1149,1114
250,1403,1402,1414,1418
251,1415,1415,1434,1445
252,1448,1455,1465,1476
253,1518,1527,1539,1541
254,1503,1508,1531,1530
255,1467,1467,1483,1491
256,1448,1452,1471,1471
257,1351,1361,1377,1382
258,1258,1263,1272,1275
259,1175,1181,1193,1197
260,1431,1453,1438,1444
261,1456,1472,1460,1464
262,1429,1436,1422,1433
263,1389,1388,1383,1393
264,1331,1332,1325,1339
265,1285,1279,1278,1282
266,1224,1228,1220,1226
267,1161,1179,1174,1166
268,1181,1193,1175,1185
269,1131,1144,1137,1136
270,1558,1522,1538,1537
271,1607,1581,1587,1589
272,1623,1572,1589,1597
273,1566,1543,1566,1555
274,1485,1464,1472,1474
275,1435,1412,1413,1418
276,1440,1399,1409,1422
277,1398,1368,1362,1391
278,1306,1286,1291,1297
279,1211,1157,1171,1189
280,1527,1505,1537,1535
281,1594,1575,1598,1594
282,1575,1565,1585,1576
283,1593,1571,1606,1584
284,1562,1555,1566,1567
285,1515,1497,1526,1516
286,1416,1401,1430,1424
287,1392,1387,1400,1393
288,1380,1368,1382,1382
289,1378,1346,1383,1381
290,1650,1647,1624,1650
291,1664,1657,1630,1661
292,1704,1697,1661,1700
293,1683,1676,1656,1682
294,1672,1664,1636,1672
295,1600,1597,1591,1598
296,1538,1540,1540,1533
297,1496,1502,1498,1495
298,1427,1426,1412,1423
299,1329,1325,1310,1324
300,1541,1527,1571,1564
301,1524,1522,1549,1541
302,1506,1511,1524,1524
303,1481,1488,1535,1506
304,1437,1430,1469,1445
305,1352,1354,1398,1371
306,1308,1298,1337,1322
307,1200,1191,1231,1220
308,1203,1189,1236,1221
309,1219,1203,1245,1245
310,1308,1285,1372,1325
311,1408,1399,1435,1425
312,1454,1426,1481,1470
313,1443,1430,1476,1467
314,1509,1481,1547,1538
315,1549,1518,1580,1568
316,1512,1485,1551,1544
317,1470,1459,1493,1490
318,1425,1405,1449,1436
319,1391,1365,1420,1414
320,1494,1476,1491,1496
321,1560,1527,1563,1563
322,1546,1530,1562,1556
323,1548,1519,1559,1565
324,1504,1473,1517,1521
325,1440,1425,1450,1448
326,1365,1358,1373,1367
327,1380,1357,1379,1382
328,1327,1303,1333,1337
329,1240,1203,1244,1245
330,1643,1647,1651,1638
331,1633,1641,1652,1629
332,1659,1650,1669,1655
333,1625,1625,1648,1628
334,1596,1597,1614,1593
335,1547,1548,1554,1540
336,1517,1510,1519,1519
337,1510,1515,1520,1514
338,1441,1442,1450,1437
339,1341,1345,1348,1340
340,1510,1489,1495,1500
341,1498,1490,1518,1498
342,1525,1523,1549,1554
343,1632,1630,1650,1639
344,1586,1576,1577,1577
345,1516,1503,1511,1503
346,1513,1483,1496,1482
347,1498,1481,1484,1484
348,1395,1384,1396,1384
349,1277,1261,1273,1266
350,1446,1402,1486,1450
351,1380,1376,1450,1421
352,1384,1366,1427,1400
353,1279,1239,1332,1287
354,1251,1225,1317,1277
355,1211,1188,1286,1257
356,1212,1174,1278,1265
357,1234,1219,1293,1274
358,1150,1135,1221,1199
359,1018,999,1101,1076
360,1294,1291,1307,1289
361,1326,1320,1353,1330
362,1333,1334,1372,1341
363,1379,1377,1399,1380
364,1436,1435,1494,1445
365,1441,1432,1488,1454
366,1432,1427,1452,1430
367,1348,1344,1367,1349
368,1303,1289,1331,1313
369,1289,1278,1335,1297
370,1625,1608,1636,1635
371,1605,1606,1620,1622
372,1545,1555,1562,1553
373,1474,1471,1469,1486
374,1433,1427,1443,1443
375,1454,1421,1453,1469
376,1381,1366,1381,1405
377,1306,1279,1302,1314
378,1151,1113,1157,1174
379,991,961,982,1014
380,1439,1454,1449,1442
381,1473,1478,1480,1477
382,1516,1522,1511,1513
383,1563,1558,1570,1567
384,1510,1507,1512,1510
385,1452,1447,1448,1446
386,1322,1324,1326,1320
387,1297,1293,1292,1292
388,1286,1294,1288,1284
389,1311,1317,1314,1313
390,1303,1267,1288,1315
391,1333,1299,1329,1336
392,1373,1343,1364,1384
393,1392,1367,1400,1411
394,1425,1398,1423,1437
395,1465,1433,1445,1472
396,1454,1426,1440,1453
397,1473,1448,1448,1474
398,1512,1476,1477,1505
399,1409,1368,1372,1408
400,1418,1412,1429,1416
401,1453,1452,1477,1457
402,1498,1495,1521,1499
403,1544,1537,1544,1541
404,1535,1534,1541,1533
405,1497,1496,1510,1498
406,1475,1470,1476,1473
407,1449,1444,1447,1446
408,1397,1389,1397,1395
409,1308,1304,1307,1305
410,1510,1510,1491,1529
411,1485,1490,1481,1510
412,1483,1473,1473,1495
413,1456,1453,1456,1464
414,1412,1406,1410,1435
415,1373,1366,1368,1406
416,1314,1318,1305,1327
417,1208,1204,1204,1221
418,1106,1103,1103,1119
419,972,968,968,988
420,1569,1556,1589,1572
421,1519,1524,1545,1530
422,1506,1496,1511,1510
423,1413,1407,1425,1423
424,1346,1341,1372,1351
425,1318,1304,1334,1320
426,1295,1276,1309,1283
427,1289,1279,1305,1292
428,1228,1211,1245,1224
429,1106,1091,1119,1101
430,1441,1409,1450,1444
431,1448,1413,1462,1468
432,1479,1422,1498,1515
433,1495,1444,1502,1535
434,1453,1437,1443,1488
435,1430,1422,1436,1453
436,1383,1377,1386,1393
437,1343,1309,1353,1355
438,1287,1226,1299,1287
439,1201,1107,1212,1209
440,1676,1666,1696,1689
441,1710,1701,1721,1715
442,1692,1690,1713,1698
443,1576,1578,1594,1582
444,1518,1516,1537,1523
445,1603,1600,1616,1610
446,1559,1537,1561,1560
447,1469,1452,1478,1476
448,1360,1343,1366,1365
449,1256,1240,1243,1257
450,1437,1436,1445,1447
451,1381,1380,1387,1385
452,1335,1331,1343,1338
453,1283,1280,1283,1284
454,1272,1264,1271,1272
455,1278,1273,1284,1285
456,1185,1171,1173,1176
457,1073,1062,1071,1074
458,950,941,950,951
459,827,815,828,835
460,1335,1327,1330,1338
461,1367,1362,1376,1386
462,1414,1411,1429,1432
463,1431,1429,1454,1457
464,1432,1426,1447,1453
465,1418,1415,1427,1430
466,1351,1348,1359,1362
467,1310,1308,1320,1320
468,1325,1320,1332,1335
469,1288,1282,1293,1296
470,1814,1804,1810,1825
471,1784,1778,1788,1815
472,1688,1677,1705,1730
473,1622,1613,1623,1648
474,1571,1566,1575,1569
475,1545,1534,1548,1548
476,1581,1575,1567,1596
477,1582,1575,1590,1616
478,1511,1505,1505,1553
479,1405,1392,1405,1453
480,1496,1520,1550,1539
481,1445,1466,1496,1481
482,1406,1414,1456,1450
483,1307,1306,1342,1339
484,1242,1234,1285,1270
485,1263,1265,1303,1283
486,1180,1191,1221,1234
487,1080,1090,1146,1132
488,1020,1033,1073,1065
489,873,894,930,932
490,1706,1695,1718,1718
491,1655,1630,1662,1658
492,1623,1608,1636,1628
493,1563,1545,1569,1573
494,1548,1515,1546,1555
495,1504,1472,1498,1507
496,1408,1379,1409,1415
497,1308,1286,1311,1313
498,1158,1134,1163,1163
499,1014,970,1012,1024
500,1509,1495,1514,1521
501,1550,1544,1563,1556
502,1504,1498,1527,1519
503,1440,1429,1454,1451
504,1361,1341,1370,1366
505,1328,1315,1327,1332
506,1295,1259,1283,1296
507,1314,1284,1304,1320
508,1295,1279,1291,1299
509,1180,1157,1178,1190
510,1566,1567,1585,1562
511,1595,1596,1624,1596
512,1570,1566,1583,1565
513,1490,1490,1510,1494
514,1404,1403,1428,1405
515,1364,1363,1383,1365
516,1338,1338,1361,1331
517,1341,1340,1363,1335
518,1262,1261,1290,1251
519,1172,1171,1209,1156
520,1267,1213,1284,1294
521,1280,1236,1302,1291
522,1195,1150,1225,1224
523,1089,1053,1111,1103
524,1068,1046,1086,1082
525,1132,1137,1150,1147
526,1171,1177,1180,1170
527,1194,1188,1204,1208
528,1207,1168,1231,1229
529,1143,1119,1149,1163
530,1576,1558,1578,1597
531,1525,1508,1544,1540
532,1500,1469,1516,1526
533,1452,1427,1461,1474
534,1451,1447,1457,1453
535,1416,1398,1408,1434
536,1452,1398,1432,1463
537,1348,1314,1346,1359
538,1237,1205,1232,1267
539,1069,1034,1046,1079
540,1514,1516,1515,1530
541,1517,1513,1540,1526
542,1520,1511,1522,1526
543,1494,1490,1512,1499
544,1420,1412,1437,1420
545,1340,1337,1358,1353
546,1270,1265,1280,1281
547,1242,1242,1249,1246
548,1202,1197,1209,1211
549,1127,1127,1135,1139
550,1535,1529,1527,1535
551,1591,1587,1576,1592
552,1614,1618,1627,1619
553,1586,1585,1583,1580
554,1495,1500,1493,1490
555,1433,1430,1433,1435
556,1459,1451,1448,1461
557,1380,1376,1386,1394
558,1269,1264,1268,1282
559,1131,1128,1133,1145
560,1431,1429,1428,1421
561,1388,1379,1384,1362
562,1361,1347,1351,1341
563,1289,1284,1285,1292
564,1235,1226,1228,1229
565,1198,1198,1201,1198
566,1170,1147,1165,1153
567,1202,1196,1200,1186
568,1164,1152,1154,1141
569,1093,1084,1089,1071
570,1191,1185,1215,1186
571,1251,1239,1269,1240
572,1265,1261,1290,1268
573,1339,1337,1369,1340
574,1369,1367,1405,1371
575,1333,1335,1365,1350
576,1273,1274,1304,1282
577,1236,1239,1257,1241
578,1207,1206,1235,1209
579,1212,1210,1227,1214
580,1474,1469,1506,1512
581,1522,1522,1561,1543
582,1557,1556,1610,1587
583,1596,1597,1637,1603
584,1539,1545,1560,1540
585,1420,1421,1442,1434
586,1375,1374,1402,1383
587,1408,1412,1433,1414
588,1348,1347,1389,1378
589,1307,1303,1326,1326
590,1344,1326,1344,1339
591,1366,1353,1367,1369
592,1372,1367,1391,1424
593,1313,1318,1332,1383
594,1298,1298,1315,1356
595,1260,1251,1274,1276
596,1228,1215,1228,1211
597,1169,1164,1208,1215
598,1202,1175,1221,1218
599,1084,1073,1102,1103
600,1592,1588,1606,1602
601,1552,1546,1569,1567
602,1527,1516,1533,1546
603,1487,1479,1493,1499
604,1503,1491,1498,1521
605,1514,1506,1513,1519
606,1430,1419,1425,1452
607,1336,1326,1342,1353
608,1220,1202,1222,1241
609,1089,1071,1083,1112
610,1135,1142,1162,1105
611,1295,1303,1313,1284
612,1390,1385,1409,1369
613,1372,1374,1404,1359
614,1341,1340,1369,1298
615,1332,1331,1356,1290
616,1351,1357,1361,1337
617,1284,1278,1293,1266
618,1194,1194,1199,1178
619,1176,1175,1202,1157
620,1748,1742,1802,1776
621,1699,1710,1745,1726
622,1645,1637,1678,1668
623,1621,1599,1648,1633
624,1541,1507,1590,1580
625,1422,1404,1485,1454
626,1405,1402,1455,1415
627,1440,1450,1492,1460
628,1401,1375,1438,1405
629,1265,1230,1312,1286
630,1743,1728,1737,1744
631,1715,1703,1719,1713
632,1702,1685,1708,1705
633,1674,1652,1676,1675
634,1599,1594,1621,1606
635,1519,1494,1530,1520
636,1490,1464,1495,1494
637,1475,1457,1480,1479
638,1394,1365,1395,1394
639,1304,1276,1306,1307
640,1476,1505,1490,1473
641,1546,1557,1545,1541
642,1540,1555,1538,1538
643,1517,1527,1518,1518
644,1445,1460,1448,1443
645,1387,1382,1384,1383
646,1345,1360,1347,1345
647,1282,1294,1290,1274
648,1178,1194,1179,1170
649,1052,1073,1060,1052
650,1441,1440,1453,1451
651,1503,1503,1506,1501
652,1548,1552,1562,1561
653,1535,1531,1549,1536
654,1452,1453,1473,1465
655,1393,1389,1390,1383
656,1374,1378,1384,1381
657,1392,1393,1391,1388
658,1435,1426,1424,1420
659,1362,1356,1358,1358
660,1677,1662,1675,1685
661,1668,1654,1669,1679
662,1648,1651,1656,1654
663,1597,1599,1614,1600
664,1552,1540,1566,1556
665,1484,1476,1495,1489
666,1399,1378,1410,1405
667,1314,1308,1325,1322
668,1197,1183,1197,1205
669,1075,1065,1077,1086
670,1700,1670,1685,1713
671,1665,1636,1650,1673
672,1629,1609,1611,1650
673,1647,1610,1635,1657
674,1521,1490,1513,1533
675,1478,1434,1457,1474
676,1461,1434,1451,1471
677,1431,1402,1423,1442
678,1361,1330,1344,1372
679,1300,1276,1301,1316
680,1313,1315,1317,1319
681,1345,1356,1347,1337
682,1344,1353,1344,1340
683,1380,1381,1375,1377
684,1365,1379,1368,1353
685,1379,1378,1377,1373
686,1306,1307,1301,1295
687,1280,1270,1282,1272
688,1302,1299,1304,1306
689,1276,1276,1280,1278
690,1586,1544,1589,1592
691,1635,1598,1637,1632
692,1600,1554,1594,1612
693,1575,1545,1567,1577
694,1551,1507,1550,1552
695,1420,1372,1429,1423
696,1415,1392,1419,1414
697,1396,1366,1400,1400
698,1378,1332,1377,1381
699,1370,1315,1375,1367
700,1386,1376,1388,1396
701,1444,1434,1456,1448
702,1510,1510,1526,1508
703,1507,1506,1520,1510
704,1538,1529,1547,1537
705,1483,1461,1482,1481
706,1362,1353,1357,1365
707,1309,1299,1299,1323
708,1290,1271,1288,1299
709,1313,1300,1318,1314
710,1504,1491,1555,1523
711,1556,1542,1595,1577
712,1577,1570,1625,1596
713,1615,1613,1655,1634
714,1581,1577,1634,1613
715,1544,1520,1564,1559
716,1443,1430,1474,1467
717,1431,1391,1472,1447
718,1429,1392,1470,1446
719,1401,1348,1432,1425
720,1429,1442,1450,1422
721,1473,1463,1472,1455
722,1472,1475,1478,1461
723,1420,1415,1425,1415
724,1401,1380,1395,1396
725,1349,1353,1360,1341
726,1312,1327,1331,1310
727,1241,1251,1258,1229
728,1120,1122,1128,1116
729,1017,1021,1026,1013
730,1374,1354,1369,1403
731,1446,1415,1433,1463
732,1515,1494,1504,1529
733,1512,1484,1494,1533
734,1515,1499,1512,1522
735,1505,1479,1496,1513
736,1498,1465,1470,1500
737,1457,1422,1433,1462
738,1374,1341,1352,1381
739,1290,1257,1270,1299
740,1587,1571,1581,1590
741,1620,1595,1614,1618
742,1574,1548,1567,1571
743,1484,1461,1482,1485
744,1405,1380,1392,1399
745,1383,1353,1369,1378
746,1397,1367,1385,1390
747,1320,1271,1286,1314
748,1178,1140,1150,1171
749,1064,1002,1038,1056
750,1561,1547,1572,1564
751,1558,1536,1552,1559
752,1537,1511,1536,1545
753,1477,1453,1481,1483
754,1399,1388,1408,1405
755,1382,1354,1378,1396
756,1346,1324,1328,1347
757,1267,1243,1254,1271
758,1173,1153,1159,1176
759,1061,1030,1045,1065
760,1514,1517,1498,1540
761,1553,1554,1497,1571
762,1550,1550,1477,1574
763,1471,1469,1434,1496
764,1403,1396,1357,1413
765,1347,1354,1340,1387
766,1387,1386,1370,1400
767,1409,1405,1377,1424
768,1284,1280,1262,1315
769,1157,1152,1116,1184
770,1539,1535,1534,1542
771,1512,1508,1513,1513
772,1477,1477,1478,1479
773,1400,1398,1402,1406
774,1346,1345,1346,1346
775,1374,1373,1364,1371
776,1320,1319,1300,1316
777,1230,1228,1221,1229
778,1161,1158,1140,1145
779,1047,1048,1032,1047
780,1609,1590,1598,1624
781,1557,1556,1572,1607
782,1536,1511,1527,1570
783,1492,1466,1472,1509
784,1407,1409,1401,1430
785,1378,1390,1381,1404
786,1425,1415,1428,1443
787,1365,1349,1360,1376
788,1293,1270,1287,1299
789,1147,1115,1145,1160
790,1522,1498,1527,1519
791,1528,1514,1539,1529
792,1529,1511,1531,1521
793,1478,1473,1486,1484
794,1425,1415,1426,1417
795,1347,1336,1344,1344
796,1345,1333,1346,1338
797,1324,1308,1320,1310
798,1243,1228,1237,1233
799,1145,1134,1144,1140
800,1610,1617,1646,1612
801,1615,1616,1636,1620
802,1582,1588,1611,1593
803,1510,1513,1546,1510
804,1424,1418,1445,1424
805,1401,1409,1428,1405
806,1443,1443,1446,1439
807,1435,1428,1451,1431
808,1361,1352,1376,1362
809,1271,1257,1294,1271
810,1540,1540,1543,1544
811,1517,1516,1518,1519
812,1496,1488,1495,1499
813,1434,1436,1449,1446
814,1409,1415,1418,1420
815,1319,1314,1323,1334
816,1322,1317,1322,1326
817,1282,1280,1287,1290
818,1255,1253,1257,1265
819,1161,1153,1166,1172
820,1537,1523,1593,1550
821,1521,1516,1584,1541
822,1521,1498,1578,1548
823,1464,1469,1523,1494
824,1409,1402,1430,1407
825,1395,1396,1414,1409
826,1402,1391,1436,1417
827,1334,1324,1375,1348
828,1231,1222,1275,1247
829,1084,1067,1128,1111
830,1246,1236,1271,1268
831,1266,1263,1278,1287
832,1291,1278,1307,1276
833,1281,1262,1308,1311
834,1205,1205,1229,1223
835,1140,1126,1131,1129
836,1090,1095,1086,1077
837,1094,1087,1102,1088
838,1098,1094,1116,1085
839,1044,1009,1068,1069
840,1641,1636,1619,1641
841,1615,1610,1609,1623
842,1618,1615,1614,1622
843,1617,1616,1608,1622
844,1562,1556,1546,1557
845,1465,1464,1449,1464
846,1404,1400,1392,1403
847,1407,1403,1391,1403
848,1357,1351,1342,1360
849,1261,1260,1246,1262
850,1479,1476,1478,1475
851,1463,1455,1463,1454
852,1457,1449,1455,1452
853,1426,1417,1427,1416
854,1356,1349,1362,1350
855,1321,1312,1323,1324
856,1333,1325,1328,1323
857,1293,1286,1295,1290
858,1232,1219,1234,1229
859,1160,1147,1164,1154
860,1432,1423,1412,1427
861,1473,1464,1447,1471
862,1403,1397,1389,1400
863,1376,1365,1361,1377
864,1286,1285,1276,1285
865,1264,1261,1252,1264
866,1264,1258,1258,1263
867,1219,1205,1189,1216
868,1156,1153,1149,1158
869,1036,1026,1024,1035
870,1302,1285,1221,1295
871,1314,1308,1245,1316
872,1332,1323,1233,1344
873,1393,1380,1223,1397
874,1379,1377,1288,1376
875,1294,1299,1237,1293
876,1268,1269,1218,1274
877,1242,1251,1192,1253
878,1247,1252,1167,1250
879,1176,1175,1057,1188
880,1345,1324,1350,1347
881,1384,1378,1395,1373
882,1419,1411,1428,1415
883,1383,1397,1393,1382
884,1492,1488,1499,1493
885,1508,1517,1513,1507
886,1435,1442,1441,1434
887,1365,1369,1376,1365
888,1341,1332,1363,1341
889,1317,1311,1315,1321
890,1791,1775,1789,1789
891,1813,1787,1798,1811
892,1799,1775,1790,1790
893,1741,1717,1737,1740
894,1676,1666,1665,1679
895,1612,1598,1603,1609
896,1552,1534,1541,1548
897,1544,1526,1532,1546
898,1525,1509,1513,1531
899,1447,1442,1443,1450
900,1421,1396,1443,1434
901,1436,1431,1467,1457
902,1474,1457,1507,1480
903,1540,1532,1573,1554
904,1507,1496,1543,1524
905,1494,1472,1519,1520
906,1430,1417,1444,1438
907,1419,1403,1434,1429
908,1405,1384,1431,1420
909,1366,1336,1373,1369
910,1616,1598,1607,1607
911,1617,1603,1616,1612
912,1584,1577,1592,1579
913,1502,1501,1520,1492
914,1417,1409,1424,1403
915,1347,1320,1331,1322
916,1348,1331,1340,1334
917,1331,1315,1326,1318
918,1249,1224,1241,1239
919,1129,1111,1130,1115
920,1336,1334,1340,1331
921,1400,1391,1408,1390
922,1404,1396,1425,1400
923,1450,1442,1462,1442
924,1375,1364,1397,1374
925,1320,1313,1318,1313
926,1297,1295,1315,1297
927,1292,1289,1305,1292
928,1262,1258,1279,1260
929,1219,1214,1238,1216
930,1578,1552,1576,1565
931,1567,1557,1571,1567
932,1545,1535,1548,1560
933,1524,1532,1544,1544
934,1476,1463,1477,1485
935,1397,1386,1401,1400
936,1359,1348,1361,1362
937,1400,1387,1395,1388
938,1398,1385,1399,1396
939,1346,1326,1338,1334
940,1573,1559,1578,1599
941,1529,1508,1531,1539
942,1465,1453,1469,1482
943,1450,1429,1460,1472
944,1423,1405,1426,1450
945,1355,1343,1356,1374
946,1343,1329,1342,1360
947,1372,1355,1377,1386
948,1306,1281,1307,1329
949,1209,1197,1216,1245
950,1721,1696,1733,1738
951,1673,1634,1678,1688
952,1610,1576,1624,1634
953,1567,1543,1570,1571
954,1463,1425,1471,1480
955,1460,1444,1473,1487
956,1501,1472,1503,1512
957,1482,1447,1483,1488
958,1391,1350,1397,1409
959,1287,1265,1295,1306
960,1335,1332,1311,1323
961,1393,1391,1359,1383
962,1435,1432,1399,1425
963,1489,1488,1451,1481
964,1509,1511,1493,1508
965,1496,1495,1471,1490
966,1431,1426,1414,1435
967,1413,1414,1393,1413
968,1419,1417,1402,1416
969,1325,1323,1309,1320
970,1501,1494,1556,1495
971,1549,1550,1607,1556
972,1559,1549,1611,1549
973,1518,1522,1572,1524
974,1434,1439,1463,1426
975,1322,1322,1373,1321
976,1334,1339,1374,1348
977,1369,1369,1398,1368
978,1285,1289,1326,1292
979,1148,1145,1200,1136
980,1344,1340,1353,1359
981,1486,1479,1481,1495
982,1472,1449,1459,1485
983,1489,1470,1480,1495
984,1465,1440,1442,1471
985,1375,1365,1386,1386
986,1362,1347,1339,1383
987,1356,1311,1334,1356
988,1297,1274,1279,1302
989,1308,1269,1274,1300
990,1550,1556,1602,1559
991,1597,1600,1660,1606
992,1613,1617,1647,1623
993,1593,1604,1650,1606
994,1493,1494,1548,1503
995,1467,1463,1516,1471
996,1493,1486,1535,1490
997,1509,1520,1563,1517
998,1405,1406,1489,1419
999,1340,1335,1402,1348
1000,1731,1714,1740,1746
1001,1743,1733,1754,1759
1002,1683,1675,1691,1698
1003,1626,1614,1641,1655
1004,1549,1536,1556,1559
1005,1513,1494,1522,1524
1006,1498,1485,1505,1507
1007,1499,1486,1508,1514
1008,1437,1429,1444,1450
1009,1326,1301,1333,1334
1010,1654,1627,1658,1656
1011,1676,1668,1675,1683
1012,1662,1649,1681,1668
1013,1609,1596,1625,1633
1014,1527,1524,1531,1532
1015,1501,1493,1486,1495
1016,1420,1415,1415,1417
1017,1424,1417,1425,1431
1018,1427,1402,1432,1417
1019,1308,1286,1305,1305
1020,1401,1382,1374,1399
1021,1456,1438,1406,1449
1022,1540,1534,1467,1538
1023,1560,1548,1482,1555
1024,1503,1486,1439,1495
1025,1402,1387,1344,1401
1026,1333,1324,1278,1331
1027,1342,1326,1306,1341
1028,1345,1325,1287,1340
1029,1237,1226,1205,1233
1030,1408,1402,1432,1419
1031,1445,1455,1490,1467
1032,1432,1427,1474,1451
1033,1510,1500,1537,1518
1034,1544,1539,1576,1572
1035,1511,1494,1522,1526
1036,1432,1427,1468,1459
1037,1437,1446,1461,1446
1038,1412,1412,1439,1418
1039,1373,1385,1406,1386
1040,1446,1452,1491,1473
1041,1505,1511,1525,1517
1042,1457,1452,1474,1472
1043,1408,1407,1445,1430
1044,1299,1296,1316,1317
1045,1269,1259,1283,1286
1046,1197,1196,1224,1209
1047,1207,1203,1239,1213
1048,1237,1238,1250,1241
1049,1262,1265,1276,1268
1050,1482,1489,1482,1499
1051,1562,1561,1566,1567
1052,1584,1577,1595,1585
1053,1591,1595,1589,1602
1054,1523,1527,1536,1532
1055,1464,1467,1472,1480
1056,1488,1495,1497,1505
1057,1467,1471,1471,1476
1058,1397,1402,1399,1404
1059,1311,1312,1314,1318
1060,1606,1611,1654,1638
1061,1646,1637,1693,1667
1062,1629,1632,1678,1660
1063,1535,1533,1607,1582
1064,1519,1487,1553,1535
1065,1443,1447,1486,1466
1066,1403,1398,1444,1421
1067,1378,1384,1437,1413
1068,1341,1328,1397,1371
1069,1191,1175,1226,1214
1070,1403,1384,1420,1415
1071,1445,1417,1472,1466
1072,1470,1447,1491,1488
1073,1540,1512,1538,1542
1074,1529,1493,1545,1540
1075,1550,1517,1539,1546
1076,1543,1510,1536,1544
1077,1521,1505,1525,1527
1078,1453,1417,1452,1456
1079,1353,1320,1361,1364
1080,1501,1479,1557,1519
1081,1474,1466,1504,1497
1082,1426,1429,1469,1455
1083,1415,1401,1454,1428
1084,1302,1273,1351,1314
1085,1298,1281,1323,1306
1086,1288,1266,1312,1294
1087,1339,1335,1364,1349
1088,1318,1286,1361,1322
1089,1233,1183,1274,1231
1090,1530,1526,1545,1537
1091,1522,1514,1562,1545
1092,1489,1468,1524,1512
1093,1451,1440,1480,1477
1094,1376,1371,1391,1390
1095,1319,1309,1349,1336
1096,1339,1338,1356,1347
1097,1333,1330,1360,1340
1098,1270,1261,1285,1275
1099,1187,1179,1213,1197
1100,1508,1492,1490,1499
1101,1523,1520,1534,1525
1102,1493,1496,1503,1499
1103,1466,1453,1463,1454
1104,1363,1362,1359,1365
1105,1365,1354,1360,1360
1106,1303,1290,1273,1293
1107,1326,1317,1313,1323
1108,1322,1301,1293,1306
1109,1207,1199,1192,1198
1110,1643,1623,1617,1645
1111,1626,1604,1598,1628
1112,1621,1591,1602,1623
1113,1608,1596,1597,1612
1114,1572,1556,1558,1577
1115,1493,1479,1474,1494
1116,1470,1459,1455,1470
1117,1399,1391,1389,1402
1118,1329,1321,1316,1332
1119,1239,1225,1216,1236
1120,1581,1596,1592,1594
1121,1581,1592,1578,1570
1122,1581,1583,1591,1588
1123,1513,1517,1524,1535
1124,1446,1450,1475,1466
1125,1414,1421,1421,1421
1126,1382,1387,1386,1383
1127,1340,1356,1351,1334
1128,1328,1335,1335,1319
1129,1231,1238,1231,1224
1130,1714,1705,1699,1725
1131,1727,1723,1720,1731
1132,1716,1700,1699,1716
1133,1640,1635,1639,1644
1134,1533,1513,1513,1540
1135,1521,1523,1513,1530
1136,1433,1421,1421,1432
1137,1351,1343,1337,1358
1138,1199,1183,1179,1215
1139,1056,1041,1041,1075
1140,1443,1413,1481,1478
1141,1466,1426,1492,1491
1142,1416,1401,1438,1436
1143,1400,1388,1426,1420
1144,1341,1311,1360,1360
1145,1327,1308,1336,1348
1146,1295,1254,1301,1314
1147,1208,1158,1215,1226
1148,1075,1056,1084,1104
1149,933,910,957,963
1150,1549,1550,1585,1535
1151,1520,1520,1542,1515
1152,1478,1478,1524,1466
1153,1427,1432,1475,1422
1154,1314,1308,1351,1302
1155,1235,1236,1272,1234
1156,1258,1257,1278,1244
1157,1305,1304,1356,1296
1158,1274,1277,1303,1257
1159,1170,1176,1217,1156
1160,1686,1663,1683,1677
1161,1661,1638,1675,1660
1162,1626,1618,1637,1626
1163,1519,1507,1542,1532
1164,1455,1439,1479,1456
1165,1426,1430,1456,1448
1166,1415,1415,1444,1430
1167,1413,1418,1442,1431
1168,1306,1306,1340,1328
1169,1220,1221,1255,1242
1170,1350,1333,1387,1364
1171,1343,1348,1372,1338
1172,1349,1347,1390,1349
1173,1319,1327,1386,1334
1174,1321,1318,1422,1346
1175,1329,1299,1420,1360
1176,1242,1225,1303,1267
1177,1149,1117,1246,1198
1178,1106,1069,1185,1146
1179,1039,1006,1091,1072
1180,1764,1758,1761,1759
1181,1818,1813,1814,1819
1182,1876,1868,1869,1882
1183,1872,1867,1870,1887
1184,1803,1803,1800,1830
1185,1792,1785,1783,1797
1186,1736,1735,1731,1748
1187,1689,1681,1676,1691
1188,1602,1593,1594,1600
1189,1499,1488,1493,1507
1190,1385,1342,1418,1404
1191,1445,1424,1474,1460
1192,1478,1432,1493,1487
1193,1456,1374,1486,1471
1194,1446,1384,1467,1457
1195,1413,1381,1442,1425
1196,1369,1359,1381,1373
1197,1346,1332,1359,1359
1198,1283,1266,1323,1305
1199,1194,1170,1228,1213
1200,1545,1549,1545,1549
1201,1587,1583,1587,1587
1202,1613,1607,1623,1613
1203,1600,1595,1607,1607
1204,1540,1523,1548,1533
1205,1511,1505,1508,1512
1206,1408,1402,1409,1407
1207,1370,1364,1374,1370
1208,1363,1363,1364,1365
1209,1335,1336,1331,1338
1210,1360,1348,1353,1335
1211,1399,1386,1390,1371
1212,1417,1413,1417,1396
1213,1422,1416,1419,1412
1214,1366,1360,1366,1358
1215,1318,1318,1318,1310
1216,1331,1323,1330,1308
1217,1287,1284,1285,1271
1218,1204,1201,1204,1194
1219,1090,1087,1085,1063
1220,1381,1398,1436,1399
1221,1433,1440,1493,1432
1222,1475,1491,1545,1485
1223,1543,1564,1604,1556
1224,1538,1554,1572,1553
1225,1466,1471,1484,1473
1226,1391,1395,1416,1399
1227,1421,1429,1458,1427
1228,1388,1399,1439,1399
1229,1280,1284,1318,1285
1230,1198,1154,1204,1213
1231,1211,1160,1216,1217
1232,1219,1173,1227,1212
1233,1227,1182,1234,1239
1234,1249,1179,1250,1250
1235,1226,1186,1227,1234
1236,1299,1239,1311,1305
1237,1310,1275,1319,1325
1238,1290,1256,1288,1291
1239,1280,1260,1286,1284
1240,1473,1474,1501,1471
1241,1522,1522,1573,1530
1242,1492,1500,1553,1485
1243,1489,1498,1536,1480
1244,1487,1479,1511,1493
1245,1346,1345,1388,1355
1246,1325,1328,1349,1326
1247,1365,1365,1403,1365
1248,1279,1278,1326,1286
1249,1120,1120,1135,1121
1250,1388,1354,1410,1396
1251,1386,1363,1420,1381
1252,1415,1379,1417,1393
1253,1501,1471,1502,1486
1254,1429,1403,1447,1405
1255,1326,1306,1337,1319
1256,1311,1296,1291,1289
1257,1254,1265,1267,1247
1258,1224,1234,1262,1255
1259,1259,1271,1276,1268
1260,1529,1508,1576,1547
1261,1531,1501,1594,1568
1262,1515,1503,1555,1542
1263,1453,1440,1490,1469
1264,1381,1355,1423,1404
1265,1335,1329,1382,1351
1266,1361,1324,1379,1370
1267,1279,1228,1332,1301
1268,1209,1154,1248,1224
1269,1039,992,1107,1074
1270,1192,1152,1235,1208
1271,1221,1178,1292,1250
1272,1228,1197,1286,1248
1273,1176,1154,1235,1189
1274,1216,1158,1226,1214
1275,1223,1210,1275,1220
1276,1212,1179,1279,1244
1277,1236,1198,1323,1292
1278,1192,1137,1253,1216
1279,1137,1118,1216,1158
1280,1478,1474,1547,1506
1281,1526,1518,1590,1554
1282,1493,1496,1571,1534
1283,1446,1429,1503,1466
1284,1405,1406,1446,1420
1285,1279,1269,1327,1305
1286,1277,1283,1319,1297
1287,1319,1309,1359,1349
1288,1209,1194,1274,1246
1289,1074,1074,1167,1113
1290,1456,1438,1458,1472
1291,1525,1496,1513,1529
1292,1569,1528,1570,1590
1293,1613,1592,1613,1628
1294,1613,1586,1615,1623
1295,1571,1549,1571,1587
1296,1531,1511,1529,1547
1297,1453,1427,1430,1468
1298,1426,1380,1412,1433
1299,1400,1380,1393,1417
1300,1602,1576,1583,1591
1301,1615,1576,1590,1592
1302,1581,1556,1565,1567
1303,1523,1503,1512,1517
1304,1436,1425,1429,1436
1305,1386,1362,1362,1363
1306,1355,1339,1339,1342
1307,1363,1339,1339,1342
1308,1302,1278,1274,1281
1309,1198,1166,1175,1180
1310,1508,1494,1535,1504
1311,1531,1512,1559,1538
1312,1509,1484,1530,1512
1313,1463,1457,1486,1472
1314,1413,1402,1434,1417
1315,1400,1393,1434,1406
1316,1357,1341,1371,1345
1317,1263,1242,1293,1260
1318,1147,1127,1184,1147
1319,987,972,1022,984
1320,1774,1776,1770,1768
1321,1788,1789,1791,1793
1322,1707,1713,1716,1719
1323,1635,1639,1644,1649
1324,1566,1569,1574,1582
1325,1604,1605,1613,1614
1326,1571,1576,1578,1577
1327,1484,1488,1493,1495
1328,1400,1400,1403,1392
1329,1259,1267,1270,1266
1330,1213,1211,1219,1203
1331,1277,1269,1281,1273
1332,1325,1321,1331,1321
1333,1354,1359,1373,1350
1334,1436,1435,1451,1423
1335,1447,1439,1451,1439
1336,1424,1415,1431,1419
1337,1370,1375,1378,1356
1338,1370,1378,1382,1363
1339,1319,1326,1329,1311
1340,1524,1502,1543,1522
1341,1575,1562,1590,1579
1342,1549,1514,1585,1568
1343,1502,1481,1522,1501
1344,1430,1411,1452,1427
1345,1388,1376,1420,1386
1346,1409,1389,1452,1404
1347,1403,1375,1418,1409
1348,1380,1361,1415,1378
1349,1254,1237,1295,1250
1350,1407,1389,1404,1396
1351,1446,1418,1433,1423
1352,1442,1427,1432,1431
1353,1435,1410,1420,1424
1354,1395,1403,1411,1410
1355,1352,1369,1365,1364
1356,1275,1281,1280,1284
1357,1238,1240,1235,1239
1358,1213,1198,1203,1207
1359,1205,1187,1203,1193
1360,1668,1668,1728,1673
1361,1697,1698,1749,1702
1362,1684,1685,1715,1693
1363,1635,1636,1666,1647
1364,1600,1604,1628,1607
1365,1506,1512,1544,1514
1366,1424,1431,1471,1445
1367,1441,1446,1473,1451
1368,1444,1445,1471,1449
1369,1365,1374,1417,1379
1370,1463,1456,1467,1467
1371,1451,1441,1457,1448
1372,1404,1393,1401,1379
1373,1330,1323,1328,1302
1374,1240,1227,1234,1218
1375,1139,1132,1137,1115
1376,1019,1013,1013,994
1377,810,793,828,792
1378,638,623,635,620
1379,411,400,423,414
1380,1427,1424,1418,1415
1381,1463,1468,1453,1450
1382,1483,1484,1475,1476
1383,1549,1545,1523,1528
1384,1559,1549,1539,1548
1385,1517,1521,1513,1511
1386,1459,1465,1455,1439
1387,1439,1458,1438,1429
1388,1442,1455,1442,1435
1389,1321,1342,1334,1313
1390,1198,1196,1198,1190
1391,1294,1286,1301,1298
1392,1297,1286,1304,1297
1393,1335,1327,1339,1334
1394,1383,1375,1381,1378
1395,1420,1413,1411,1409
1396,1406,1401,1404,1401
1397,1379,1378,1379,1376
1398,1355,1350,1352,1350
1399,1285,1281,1283,1276
1400,1342,1336,1359,1358
1401,1425,1394,1431,1431
1402,1436,1382,1455,1462
1403,1419,1383,1422,1430
1404,1419,1381,1420,1424
1405,1370,1361,1369,1372
1406,1286,1274,1295,1295
1407,1278,1260,1309,1304
1408,1253,1228,1262,1259
1409,1169,1150,1181,1182
1410,1554,1548,1568,1551
1411,1505,1497,1502,1493
1412,1464,1446,1475,1460
1413,1366,1363,1386,1362
1414,1327,1327,1343,1322
1415,1287,1287,1284,1276
1416,1273,1267,1289,1273
1417,1240,1227,1255,1239
1418,1119,1105,1151,1115
1419,1022,1009,1056,1024
1420,1397,1358,1396,1418
1421,1442,1426,1464,1476
1422,1466,1428,1486,1494
1423,1467,1440,1481,1493
1424,1457,1420,1473,1486
1425,1423,1389,1418,1442
1426,1372,1355,1362,1385
1427,1358,1334,1378,1389
1428,1307,1287,1316,1334
1429,1205,1165,1210,1232
1430,1524,1522,1539,1519
1431,1549,1536,1556,1549
1432,1530,1495,1537,1526
1433,1605,1594,1601,1599
1434,1576,1574,1580,1572
1435,1463,1460,1474,1463
1436,1442,1438,1443,1437
1437,1388,1368,1388,1391
1438,1375,1363,1376,1374
1439,1387,1385,1402,1387
1440,1768,1754,1755,1748
1441,1740,1720,1728,1728
1442,1715,1674,1690,1708
1443,1640,1616,1623,1629
1444,1596,1577,1585,1586
1445,1578,1557,1559,1555
1446,1473,1453,1455,1458
1447,1385,1347,1354,1361
1448,1268,1249,1249,1251
1449,1175,1149,1152,1157
1450,1679,1655,1696,1682
1451,1698,1691,1722,1699
1452,1652,1646,1682,1656
1453,1622,1608,1647,1620
1454,1558,1526,1562,1539
1455,1543,1509,1561,1526
1456,1461,1428,1471,1461
1457,1333,1313,1336,1333
1458,1238,1224,1245,1243
1459,1091,1068,1083,1077
1460,1256,1258,1258,1255
1461,1247,1265,1248,1243
1462,1284,1302,1289,1288
1463,1272,1293,1277,1269
1464,1272,1301,1280,1276
1465,1240,1295,1251,1248
1466,1273,1326,1281,1278
1467,1315,1339,1313,1308
1468,1287,1316,1287,1277
1469,1252,1280,1255,1252
1470,1511,1497,1485,1475
1471,1564,1549,1544,1533
1472,1548,1521,1526,1519
1473,1483,1462,1458,1451
1474,1437,1420,1427,1425
1475,1352,1337,1335,1333
1476,1333,1317,1314,1313
1477,1323,1310,1304,1299
1478,1256,1242,1237,1231
1479,1162,1142,1141,1141
1480,1339,1336,1293,1340
1481,1395,1392,1352,1414
1482,1443,1439,1407,1453
1483,1497,1488,1418,1508
1484,1545,1542,1510,1547
1485,1514,1505,1450,1517
1486,1414,1410,1378,1424
1487,1405,1391,1403,1413
1488,1400,1400,1355,1402
1489,1302,1295,1274,1307
1490,1585,1578,1578,1583
1491,1574,1561,1569,1578
1492,1531,1531,1527,1534
1493,1454,1458,1458,1459
1494,1425,1423,1420,1421
1495,1416,1413,1416,1418
1496,1364,1362,1362,1368
1497,1302,1298,1294,1301
1498,1219,1219,1218,1219
1499,1108,1102,1096,1105
1500,1836,1845,1833,1827
1501,1840,1844,1840,1829
1502,1826,1836,1818,1819
1503,1798,1808,1796,1797
1504,1777,1778,1778,1775
1505,1707,1715,1703,1702
1506,1635,1639,1625,1629
1507,1564,1571,1559,1557
1508,1446,1450,1445,1432
1509,1326,1328,1319,1317
1510,1273,1266,1246,1280
1511,1300,1296,1268,1312
1512,1358,1355,1328,1369
1513,1400,1395,1376,1424
1514,1367,1365,1339,1387
1515,1379,1365,1356,1380
1516,1314,1309,1312,1324
1517,1281,1264,1284,1293
1518,1266,1259,1259,1271
1519,1214,1204,1197,1224
1520,1518,1510,1542,1532
1521,1512,1497,1554,1532
1522,1507,1492,1559,1535
1523,1500,1482,1548,1510
1524,1464,1436,1525,1513
1525,1472,1443,1502,1493
1526,1425,1394,1468,1443
1527,1365,1351,1417,1369
1528,1334,1316,1377,1339
1529,1300,1283,1333,1317
1530,1613,1599,1598,1601
1531,1622,1613,1614,1611
1532,1578,1567,1568,1573
1533,1523,1523,1527,1525
1534,1491,1497,1473,1486
1535,1482,1478,1471,1470
1536,1405,1405,1396,1399
1537,1324,1324,1306,1310
1538,1231,1227,1210,1213
1539,1087,1085,1073,1073
1540,1331,1299,1304,1309
1541,1418,1391,1397,1406
1542,1458,1437,1443,1444
1543,1518,1505,1501,1512
1544,1530,1521,1521,1533
1545,1529,1510,1514,1513
1546,1476,1459,1462,1470
1547,1414,1398,1412,1403
1548,1363,1330,1357,1351
1549,1377,1357,1344,1365
1550,1619,1600,1619,1623
1551,1574,1549,1563,1570
1552,1475,1456,1466,1474
1553,1409,1387,1400,1404
1554,1411,1392,1391,1408
1555,1415,1392,1397,1412
1556,1339,1313,1316,1335
1557,1265,1226,1241,1257
1558,1159,1118,1134,1152
1559,999,956,976,993
1560,1485,1508,1511,1501
1561,1556,1562,1563,1565
1562,1546,1556,1557,1556
1563,1526,1533,1535,1533
1564,1498,1505,1506,1506
1565,1434,1444,1445,1437
1566,1438,1455,1456,1450
1567,1377,1394,1395,1380
1568,1293,1304,1306,1302
1569,1180,1193,1194,1192
1570,1235,1229,1218,1232
1571,1316,1296,1290,1309
1572,1343,1331,1314,1336
1573,1307,1291,1284,1296
1574,1250,1246,1247,1245
1575,1198,1188,1187,1197
1576,1178,1170,1158,1165
1577,1201,1186,1174,1186
1578,1089,1087,1079,1083
1579,1009,1004,997,1000
1580,1405,1367,1436,1395
1581,1411,1379,1470,1414
1582,1436,1425,1444,1442
1583,1430,1405,1454,1438
1584,1342,1322,1372,1376
1585,1311,1274,1328,1306
1586,1248,1209,1283,1248
1587,1237,1192,1266,1237
1588,1201,1181,1248,1208
1589,1242,1201,1297,1250
1590,1441,1432,1444,1433
1591,1495,1493,1497,1471
1592,1542,1528,1543,1526
1593,1555,1545,1561,1548
1594,1511,1502,1514,1506
1595,1448,1449,1447,1437
1596,1382,1380,1381,1372
1597,1343,1343,1343,1341
1598,1339,1338,1345,1327
1599,1318,1326,1319,1309
1600,1605,1608,1632,1607
1601,1644,1647,1671,1641
1602,1614,1614,1634,1607
1603,1563,1566,1565,1566
1604,1463,1465,1486,1463
1605,1403,1399,1407,1402
1606,1363,1356,1368,1360
1607,1435,1433,1437,1434
1608,1337,1341,1355,1335
1609,1218,1222,1243,1213
1610,1441,1441,1462,1448
1611,1469,1468,1480,1477
1612,1496,1496,1503,1498
1613,1548,1549,1566,1557
1614,1625,1623,1638,1626
1615,1649,1649,1654,1652
1616,1598,1601,1616,1606
1617,1566,1564,1580,1572
1618,1572,1574,1578,1580
1619,1461,1460,1465,1463
1620,1592,1589,1606,1594
1621,1604,1606,1634,1614
1622,1565,1570,1597,1581
1623,1500,1511,1529,1513
1624,1442,1457,1471,1457
1625,1423,1426,1445,1436
1626,1443,1440,1457,1445
1627,1343,1341,1361,1348
1628,1199,1193,1207,1202
1629,1083,1077,1088,1087
1630,1652,1652,1654,1672
1631,1699,1687,1696,1713
1632,1714,1713,1715,1728
1633,1700,1699,1700,1716
1634,1642,1632,1642,1651
1635,1583,1570,1580,1597
1636,1527,1524,1528,1546
1637,1543,1537,1536,1556
1638,1491,1486,1498,1522
1639,1402,1386,1396,1412
1640,1708,1680,1724,1726
1641,1716,1695,1748,1752
1642,1740,1715,1759,1764
1643,1690,1651,1702,1710
1644,1632,1593,1650,1660
1645,1548,1522,1552,1560
1646,1585,1546,1569,1591
1647,1486,1460,1499,1500
1648,1427,1401,1439,1438
1649,1309,1279,1315,1315
1650,1381,1331,1390,1386
1651,1379,1335,1390,1386
1652,1401,1358,1417,1400
1653,1400,1370,1401,1394
1654,1366,1353,1370,1363
1655,1357,1333,1363,1359
1656,1309,1275,1317,1315
1657,1272,1218,1285,1277
1658,1210,1159,1218,1208
1659,1131,1080,1139,1137
1660,1381,1345,1486,1447
1661,1452,1421,1539,1514
1662,1469,1410,1541,1519
1663,1440,1360,1492,1486
1664,1385,1315,1474,1443
1665,1334,1328,1407,1384
1666,1326,1327,1404,1383
1667,1377,1322,1441,1418
1668,1384,1303,1425,1411
1669,1228,1203,1311,1286
1670,1235,1253,1243,1242
1671,1328,1348,1331,1325
1672,1419,1439,1413,1407
1673,1478,1501,1477,1473
1674,1515,1532,1514,1507
1675,1512,1526,1506,1504
1676,1499,1511,1496,1490
1677,1462,1473,1465,1463
1678,1460,1462,1451,1444
1679,1409,1423,1406,1400
1680,1718,1689,1728,1723
1681,1683,1658,1680,1677
1682,1669,1631,1660,1667
1683,1573,1578,1584,1581
1684,1530,1506,1540,1544
1685,1527,1509,1535,1535
1686,1485,1479,1489,1489
1687,1422,1402,1410,1417
1688,1345,1316,1334,1338
1689,1211,1184,1202,1216
1690,1413,1381,1435,1417
1691,1421,1382,1462,1429
1692,1521,1507,1557,1530
1693,1586,1556,1610,1590
1694,1593,1564,1621,1598
1695,1538,1519,1571,1546
1696,1450,1429,1468,1448
1697,1413,1393,1442,1419
1698,1399,1374,1418,1404
1699,1336,1307,1343,1338
1700,1675,1676,1674,1673
1701,1644,1641,1645,1649
1702,1666,1664,1670,1667
1703,1617,1619,1621,1629
1704,1527,1528,1528,1533
1705,1472,1482,1483,1485
1706,1472,1486,1477,1474
1707,1406,1415,1421,1417
1708,1295,1309,1313,1319
1709,1221,1224,1228,1225
1710,1667,1680,1686,1666
1711,1624,1630,1642,1611
1712,1575,1585,1593,1575
1713,1515,1522,1521,1519
1714,1438,1448,1447,1418
1715,1370,1386,1388,1380
1716,1376,1394,1394,1377
1717,1332,1360,1352,1347
1718,1182,1196,1199,1186
1719,1084,1110,1120,1093
1720,1792,1807,1786,1803
1721,1784,1788,1765,1793
1722,1740,1746,1715,1742
1723,1705,1713,1690,1709
1724,1625,1628,1602,1624
1725,1574,1584,1557,1579
1726,1550,1557,1521,1549
1727,1463,1466,1438,1461
1728,1396,1407,1356,1397
1729,1285,1286,1255,1287
1730,1450,1457,1488,1470
1731,1491,1489,1521,1502
1732,1517,1512,1540,1521
1733,1470,1464,1494,1487
1734,1405,1398,1425,1414
1735,1354,1357,1383,1365
1736,1328,1329,1346,1336
1737,1314,1311,1339,1330
1738,1346,1352,1367,1362
1739,1283,1283,1309,1292
1740,1372,1374,1414,1362
1741,1403,1408,1456,1406
1742,1518,1521,1553,1523
1743,1519,1527,1547,1522
1744,1440,1453,1474,1435
1745,1366,1369,1396,1361
1746,1304,1308,1344,1309
1747,1302,1306,1344,1289
1748,1317,1312,1344,1315
1749,1205,1203,1223,1205
1750,1424,1392,1469,1455
1751,1495,1436,1516,1506
1752,1512,1460,1532,1516
1753,1531,1510,1557,1550
1754,1432,1373,1496,1483
1755,1402,1351,1449,1443
1756,1369,1324,1403,1404
1757,1274,1219,1315,1304
1758,1254,1205,1309,1306
1759,1217,1174,1268,1250
1760,1454,1475,1446,1465
1761,1499,1487,1494,1488
1762,1476,1502,1483,1501
1763,1445,1482,1449,1483
1764,1329,1373,1341,1373
1765,1193,1220,1192,1224
1766,1192,1204,1209,1199
1767,1193,1188,1194,1199
1768,1152,1134,1143,1135
1769,1089,1042,1073,1047
1770,1690,1682,1707,1692
1771,1627,1636,1658,1650
1772,1594,1585,1622,1612
1773,1562,1534,1592,1578
1774,1473,1461,1503,1501
1775,1484,1482,1514,1500
1776,1511,1508,1525,1505
1777,1480,1471,1502,1495
1778,1423,1396,1433,1432
1779,1320,1299,1335,1339
1780,1543,1532,1556,1539
1781,1495,1486,1511,1493
1782,1474,1469,1485,1471
1783,1416,1406,1432,1415
1784,1337,1332,1345,1325
1785,1297,1293,1308,1292
1786,1282,1282,1293,1284
1787,1256,1248,1268,1245
1788,1183,1173,1200,1178
1789,1052,1038,1072,1045
1790,1677,1679,1707,1687
1791,1663,1668,1691,1665
1792,1596,1586,1622,1615
1793,1573,1577,1599,1585
1794,1435,1438,1479,1452
1795,1415,1415,1439,1421
1796,1405,1409,1437,1413
1797,1389,1396,1421,1394
1798,1401,1406,1426,1412
1799,1339,1342,1380,1355
1800,1553,1538,1549,1557
1801,1579,1562,1581,1586
1802,1599,1585,1604,1609
1803,1637,1618,1641,1643
1804,1640,1623,1635,1643
1805,1582,1572,1594,1592
1806,1567,1554,1565,1573
1807,1526,1498,1521,1525
1808,1463,1451,1468,1472
1809,1363,1348,1366,1368
1810,1399,1352,1456,1437
1811,1453,1406,1489,1490
1812,1475,1429,1505,1492
1813,1511,1482,1541,1506
1814,1518,1471,1597,1550
1815,1441,1395,1524,1489
1816,1450,1394,1473,1459
1817,1399,1366,1400,1392
1818,1349,1325,1363,1346
1819,1247,1203,1284,1282
1820,1597,1581,1581,1569
1821,1558,1545,1548,1544
1822,1547,1528,1547,1530
1823,1441,1432,1442,1434
1824,1418,1407,1417,1404
1825,1434,1420,1423,1400
1826,1337,1329,1327,1301
1827,1250,1236,1235,1206
1828,1139,1129,1128,1110
1829,983,960,971,947
1830,1449,1447,1443,1452
1831,1488,1486,1482,1486
1832,1538,1537,1546,1547
1833,1535,1535,1541,1541
1834,1525,1525,1520,1528
1835,1506,1500,1507,1510
1836,1484,1482,1482,1484
1837,1412,1414,1414,1417
1838,1381,1381,1387,1386
1839,1355,1354,1349,1354
1840,1480,1482,1483,1481
1841,1507,1504,1509,1517
1842,1578,1577,1580,1579
1843,1553,1542,1550,1552
1844,1491,1488,1495,1500
1845,1445,1444,1446,1431
1846,1373,1367,1377,1365
1847,1279,1271,1280,1271
1848,1214,1208,1213,1214
1849,1082,1077,1084,1076
1850,1662,1629,1672,1669
1851,1648,1636,1664,1666
1852,1624,1629,1655,1651
1853,1563,1527,1588,1589
1854,1528,1503,1557,1552
1855,1479,1450,1496,1494
1856,1457,1438,1474,1469
1857,1406,1383,1408,1412
1858,1427,1373,1443,1441
1859,1352,1286,1355,1350
1860,1617,1613,1629,1608
1861,1632,1632,1640,1632
1862,1582,1575,1588,1564
1863,1525,1509,1545,1508
1864,1413,1397,1417,1388
1865,1408,1411,1413,1395
1866,1371,1379,1392,1378
1867,1410,1394,1390,1400
1868,1432,1429,1422,1432
1869,1483,1468,1482,1469
1870,1564,1579,1602,1572
1871,1592,1601,1613,1573
1872,1550,1563,1580,1544
1873,1444,1467,1486,1456
1874,1358,1366,1383,1353
1875,1291,1296,1320,1296
1876,1254,1258,1282,1253
1877,1319,1326,1338,1318
1878,1326,1320,1363,1342
1879,1197,1200,1240,1211
1880,1914,1908,1910,1909
1881,1901,1897,1909,1910
1882,1768,1767,1771,1768
1883,1717,1713,1713,1713
1884,1686,1698,1704,1698
1885,1724,1719,1720,1719
1886,1726,1713,1724,1717
1887,1730,1730,1737,1735
1888,1636,1629,1637,1632
1889,1513,1499,1512,1502
1890,1650,1640,1651,1648
1891,1599,1585,1602,1590
1892,1543,1528,1549,1526
1893,1527,1521,1521,1518
1894,1486,1470,1477,1469
1895,1485,1472,1479,1476
1896,1520,1497,1506,1496
1897,1495,1478,1489,1474
1898,1450,1444,1444,1447
1899,1333,1319,1327,1320
1900,1477,1507,1518,1480
1901,1472,1486,1496,1471
1902,1450,1469,1475,1456
1903,1386,1390,1395,1389
1904,1312,1332,1340,1315
1905,1314,1329,1334,1313
1906,1277,1283,1287,1275
1907,1182,1215,1214,1185
1908,1078,1098,1102,1083
1909,933,954,957,936
1910,1643,1647,1658,1639
1911,1690,1694,1708,1690
1912,1675,1684,1710,1681
1913,1653,1650,1692,1658
1914,1648,1651,1673,1658
1915,1550,1552,1573,1549
1916,1464,1471,1485,1457
1917,1497,1498,1509,1503
1918,1402,1403,1424,1401
1919,1276,1284,1303,1279
1920,1381,1372,1385,1387
1921,1458,1430,1462,1460
1922,1466,1447,1479,1483
1923,1539,1516,1550,1548
1924,1557,1543,1563,1560
1925,1569,1565,1579,1572
1926,1562,1568,1569,1557
1927,1570,1561,1572,1565
1928,1515,1507,1518,1504
1929,1394,1394,1402,1388
1930,1493,1553,1522,1479
1931,1547,1606,1581,1521
1932,1530,1575,1543,1496
1933,1435,1486,1457,1417
1934,1403,1466,1451,1401
1935,1312,1371,1340,1298
1936,1306,1369,1335,1287
1937,1318,1391,1343,1282
1938,1220,1299,1261,1185
1939,1079,1136,1090,1044
1940,1333,1310,1390,1354
1941,1396,1367,1439,1415
1942,1438,1406,1497,1461
1943,1431,1380,1495,1470
1944,1500,1467,1550,1531
1945,1473,1460,1524,1495
1946,1383,1387,1427,1418
1947,1337,1348,1369,1344
1948,1342,1344,1376,1361
1949,1362,1333,1401,1389
1950,1420,1387,1446,1447
1951,1454,1432,1480,1462
1952,1487,1454,1512,1518
1953,1457,1420,1485,1505
1954,1510,1467,1555,1541
1955,1572,1546,1603,1601
1956,1547,1540,1565,1577
1957,1542,1523,1540,1559
1958,1465,1454,1474,1487
1959,1504,1472,1512,1519
1960,1461,1453,1384,1442
1961,1445,1441,1379,1424
1962,1419,1409,1365,1405
1963,1380,1366,1338,1357
1964,1290,1288,1297,1275
1965,1245,1242,1226,1236
1966,1241,1236,1197,1239
1967,1207,1198,1169,1178
1968,1132,1122,1062,1099
1969,1040,1022,940,1007
1970,1604,1633,1609,1598
1971,1592,1637,1598,1586
1972,1568,1596,1569,1564
1973,1515,1533,1520,1513
1974,1443,1457,1446,1435
1975,1391,1401,1396,1384
1976,1392,1406,1392,1386
1977,1341,1364,1347,1338
1978,1244,1284,1250,1240
1979,1125,1164,1128,1126
1980,1595,1585,1614,1631
1981,1620,1614,1625,1633
1982,1481,1489,1503,1526
1983,1456,1415,1470,1488
1984,1410,1348,1434,1447
1985,1365,1352,1387,1390
1986,1328,1279,1336,1347
1987,1307,1279,1320,1330
1988,1319,1288,1333,1352
1989,1320,1286,1344,1352
1990,1644,1641,1728,1657
1991,1595,1597,1686,1610
1992,1599,1601,1718,1629
1993,1610,1610,1697,1635
1994,1605,1605,1675,1625
1995,1551,1550,1605,1559
1996,1476,1476,1575,1508
1997,1433,1435,1545,1455
1998,1399,1400,1505,1411
1999,1300,1301,1394,1320
2000,1620,1620,1627,1654
2001,1684,1663,1703,1697
2002,1641,1634,1654,1644
2003,1569,1549,1568,1590
2004,1510,1503,1515,1527
2005,1454,1446,1460,1461
2006,1435,1435,1438,1450
2007,1483,1469,1491,1525
2008,1349,1329,1358,1378
2009,1231,1207,1255,1289
2010,1561,1556,1580,1579
2011,1512,1512,1538,1529
2012,1484,1459,1493,1515
2013,1472,1441,1493,1518
2014,1457,1418,1473,1509
2015,1367,1332,1396,1427
2016,1255,1223,1272,1316
2017,1127,1099,1160,1188
2018,987,958,1010,1031
2019,840,800,868,899
2020,1433,1446,1426,1440
2021,1502,1509,1495,1508
2022,1552,1556,1552,1553
2023,1553,1559,1552,1551
2024,1554,1562,1549,1557
2025,1513,1517,1515,1517
2026,1487,1494,1490,1490
2027,1424,1426,1420,1425
2028,1405,1404,1397,1408
2029,1367,1373,1362,1371
2030,1425,1422,1428,1437
2031,1463,1458,1469,1476
2032,1518,1514,1529,1526
2033,1549,1556,1557,1556
2034,1591,1592,1601,1597
2035,1529,1530,1547,1539
2036,1498,1501,1513,1505
2037,1470,1471,1485,1474
2038,1388,1396,1405,1386
2039,1290,1292,1304,1289
2040,1330,1316,1334,1308
2041,1363,1367,1368,1342
2042,1420,1413,1425,1398
2043,1469,1456,1465,1446
2044,1515,1506,1510,1500
2045,1498,1494,1503,1480
2046,1439,1434,1429,1425
2047,1431,1427,1430,1407
2048,1371,1366,1368,1341
2049,1289,1284,1291,1272
2050,1245,1232,1293,1274
2051,1297,1287,1335,1315
2052,1321,1310,1392,1366
2053,1373,1370,1434,1413
2054,1377,1368,1443,1425
2055,1281,1272,1378,1348
2056,1257,1245,1315,1283
2057,1230,1236,1264,1252
2058,1161,1158,1198,1189
2059,1203,1194,1229,1225
2060,1219,1165,1237,1249
2061,1376,1363,1391,1400
2062,1467,1465,1479,1488
2063,1575,1539,1585,1602
2064,1578,1547,1600,1601
2065,1569,1532,1599,1588
2066,1554,1478,1568,1565
2067,1538,1473,1573,1569
2068,1521,1501,1543,1544
2069,1499,1475,1517,1504
2070,1576,1571,1569,1568
2071,1604,1598,1599,1598
2072,1551,1549,1558,1554
2073,1505,1505,1507,1501
2074,1436,1439,1436,1428
2075,1420,1416,1420,1417
2076,1426,1421,1418,1412
2077,1355,1350,1346,1332
2078,1258,1255,1252,1246
2079,1142,1134,1138,1129
2080,1492,1506,1517,1474
2081,1513,1527,1505,1499
2082,1488,1497,1485,1477
2083,1394,1412,1413,1389
2084,1363,1364,1379,1357
2085,1340,1355,1340,1330
2086,1322,1327,1339,1328
2087,1319,1324,1334,1323
2088,1308,1313,1335,1309
2089,1274,1274,1295,1283
2090,1516,1465,1548,1535
2091,1413,1358,1497,1485
2092,1353,1321,1452,1431
2093,1365,1310,1464,1467
2094,1315,1282,1388,1371
2095,1264,1252,1333,1318
2096,1241,1222,1286,1280
2097,1207,1194,1251,1242
2098,1197,1176,1247,1232
2099,1222,1164,1288,1273
2100,1434,1436,1453,1436
2101,1463,1463,1483,1464
2102,1516,1514,1530,1513
2103,1537,1538,1549,1534
2104,1465,1463,1477,1463
2105,1505,1502,1506,1500
2106,1428,1429,1437,1428
2107,1321,1318,1332,1317
2108,1227,1224,1237,1226
2109,1144,1140,1144,1142
2110,1477,1482,1499,1492
2111,1493,1499,1505,1510
2112,1503,1502,1506,1510
2113,1470,1473,1480,1473
2114,1449,1452,1468,1469
2115,1379,1387,1383,1392
2116,1359,1363,1367,1368
2117,1340,1353,1370,1360
2118,1277,1278,1305,1284
2119,1211,1213,1221,1218
2120,1773,1756,1776,1771
2121,1704,1695,1702,1713
2122,1647,1640,1636,1642
2123,1581,1571,1579,1575
2124,1521,1521,1524,1526
2125,1473,1472,1471,1474
2126,1471,1474,1461,1475
2127,1438,1444,1431,1452
2128,1357,1362,1348,1366
2129,1297,1298,1292,1310
2130,1331,1354,1279,1357
2131,1442,1462,1382,1477
2132,1466,1479,1402,1498
2133,1506,1522,1444,1541
2134,1452,1468,1401,1479
2135,1396,1425,1379,1437
2136,1403,1424,1334,1429
2137,1309,1309,1272,1313
2138,1295,1299,1272,1304
2139,1276,1285,1221,1295
2140,1512,1466,1499,1532
2141,1462,1431,1456,1486
2142,1410,1372,1406,1419
2143,1298,1268,1292,1306
2144,1207,1180,1200,1219
2145,1205,1164,1190,1205
2146,1161,1134,1158,1163
2147,1207,1177,1193,1206
2148,1205,1170,1193,1216
2149,1143,1125,1139,1163
2150,1537,1533,1523,1529
2151,1536,1541,1549,1544
2152,1587,1594,1597,1593
2153,1644,1656,1660,1661
2154,1624,1629,1626,1625
2155,1542,1542,1547,1548
2156,1501,1500,1492,1495
2157,1490,1492,1488,1488
2158,1496,1497,1492,1494
2159,1329,1328,1331,1328
2160,1182,1166,1187,1180
2161,1177,1182,1174,1169
2162,1154,1146,1152,1151
2163,1165,1153,1162,1156
2164,1175,1174,1181,1183
2165,1161,1167,1178,1162
2166,1140,1139,1147,1141
2167,1151,1149,1152,1150
2168,1098,1088,1082,1098
2169,1074,1070,1077,1079
2170,1615,1594,1635,1625
2171,1573,1549,1596,1585
2172,1516,1481,1531,1527
2173,1409,1379,1431,1423
2174,1352,1327,1382,1373
2175,1315,1280,1332,1322
2176,1339,1310,1355,1342
2177,1342,1316,1370,1360
2178,1244,1211,1279,1252
2179,1142,1107,1185,1161
2180,1957,1910,1953,1964
2181,1882,1854,1892,1897
2182,1834,1811,1850,1854
2183,1734,1706,1754,1771
2184,1630,1602,1642,1647
2185,1615,1595,1624,1629
2186,1601,1567,1608,1611
2187,1494,1459,1501,1505
2188,1414,1372,1417,1426
2189,1306,1271,1317,1319
2190,1527,1675,1525,1458
2191,1609,1779,1603,1543
2192,1691,1843,1687,1620
2193,1632,1781,1636,1548
2194,1603,1681,1595,1552
2195,1518,1644,1520,1496
2196,1484,1586,1458,1456
2197,1541,1633,1527,1505
2198,1520,1652,1521,1476
2199,1474,1593,1462,1446
2200,1710,1689,1736,1743
2201,1714,1689,1740,1740
2202,1753,1746,1779,1776
2203,1753,1736,1793,1793
2204,1697,1676,1735,1739
2205,1642,1602,1640,1641
2206,1641,1610,1654,1658
2207,1587,1557,1602,1604
2208,1490,1460,1502,1505
2209,1416,1395,1433,1436
2210,1696,1678,1696,1702
2211,1696,1669,1688,1693
2212,1589,1570,1583,1615
2213,1507,1492,1503,1518
2214,1525,1492,1525,1549
2215,1532,1505,1524,1548
2216,1478,1468,1476,1505
2217,1379,1349,1376,1418
2218,1266,1258,1265,1285
2219,1105,1091,1102,1146
2220,1489,1485,1491,1485
2221,1441,1438,1442,1448
2222,1372,1350,1384,1370
2223,1332,1325,1337,1335
2224,1323,1309,1322,1313
2225,1291,1297,1314,1291
2226,1306,1299,1329,1305
2227,1302,1297,1316,1305
2228,1226,1212,1251,1226
2229,1093,1078,1109,1087
2230,1278,1233,1325,1319
2231,1304,1246,1363,1350
2232,1352,1309,1425,1387
2233,1425,1329,1482,1461
2234,1430,1326,1479,1468
2235,1412,1333,1456,1447
2236,1381,1346,1412,1404
2237,1378,1349,1392,1381
2238,1346,1316,1388,1372
2239,1346,1320,1392,1380
2240,1580,1571,1596,1580
2241,1574,1559,1599,1580
2242,1606,1585,1629,1604
2243,1565,1536,1582,1572
2244,1462,1441,1506,1464
2245,1394,1368,1404,1406
2246,1371,1323,1393,1381
2247,1359,1345,1380,1367
2248,1342,1296,1358,1343
2249,1287,1258,1296,1303
2250,1458,1444,1461,1457
2251,1491,1470,1485,1481
2252,1466,1443,1459,1450
2253,1445,1433,1443,1422
2254,1384,1374,1383,1377
2255,1358,1351,1349,1339
2256,1279,1261,1276,1258
2257,1203,1195,1209,1207
2258,1109,1093,1106,1094
2259,980,969,971,959
2260,1783,1776,1781,1782
2261,1774,1764,1773,1769
2262,1706,1701,1706,1706
2263,1646,1643,1647,1640
2264,1585,1576,1580,1581
2265,1537,1526,1532,1528
2266,1570,1566,1569,1563
2267,1509,1511,1510,1508
2268,1408,1407,1407,1403
2269,1313,1307,1313,1309
2270,1260,1253,1268,1263
2271,1288,1281,1310,1298
2272,1304,1288,1319,1310
2273,1265,1263,1301,1293
2274,1325,1322,1359,1345
2275,1366,1360,1401,1390
2276,1363,1363,1367,1370
2277,1305,1288,1329,1317
2278,1290,1281,1322,1302
2279,1260,1252,1306,1277
2280,1511,1510,1530,1509
2281,1494,1495,1515,1494
2282,1480,1488,1515,1484
2283,1500,1503,1531,1496
2284,1420,1409,1459,1422
2285,1376,1369,1386,1375
2286,1332,1334,1340,1335
2287,1361,1355,1372,1349
2288,1352,1341,1358,1355
2289,1236,1230,1244,1239
2290,1797,1803,1813,1807
2291,1822,1822,1827,1828
2292,1737,1730,1745,1738
2293,1701,1701,1712,1698
2294,1742,1739,1734,1754
2295,1609,1615,1637,1623
2296,1605,1603,1609,1619
2297,1599,1593,1597,1609
2298,1518,1520,1518,1527
2299,1387,1379,1341,1391
2300,1460,1456,1440,1451
2301,1488,1486,1476,1464
2302,1472,1464,1469,1473
2303,1429,1426,1416,1416
2304,1354,1352,1337,1354
2305,1315,1312,1296,1292
2306,1308,1309,1294,1275
2307,1300,1291,1272,1271
2308,1218,1219,1204,1203
2309,1107,1101,1093,1090
2310,1578,1566,1578,1581
2311,1593,1586,1603,1601
2312,1558,1546,1555,1563
2313,1507,1507,1507,1506
2314,1427,1425,1432,1429
2315,1411,1401,1408,1413
2316,1456,1446,1451,1457
2317,1414,1407,1406,1414
2318,1318,1304,1308,1315
2319,1203,1198,1205,1207
2320,1695,1691,1697,1690
2321,1658,1651,1659,1670
2322,1596,1578,1601,1601
2323,1500,1487,1502,1517
2324,1449,1450,1458,1451
2325,1422,1418,1430,1447
2326,1461,1444,1452,1467
2327,1422,1427,1424,1439
2328,1262,1247,1261,1287
2329,1093,1070,1104,1102
2330,1332,1311,1340,1350
2331,1271,1256,1282,1284
2332,1263,1257,1277,1282
2333,1285,1285,1302,1296
2334,1250,1245,1255,1258
2335,1143,1138,1166,1159
2336,996,986,1012,1014
2337,838,825,855,857
2338,728,716,748,746
2339,607,596,621,629
2340,1624,1627,1665,1652
2341,1586,1581,1629,1612
2342,1559,1561,1614,1584
2343,1529,1533,1578,1551
2344,1509,1520,1544,1535
2345,1418,1425,1470,1441
2346,1376,1393,1421,1410
2347,1394,1392,1428,1417
2348,1329,1333,1363,1346
2349,1247,1235,1303,1271
2350,1458,1464,1474,1461
2351,1553,1561,1573,1563
2352,1569,1567,1593,1578
2353,1581,1586,1606,1600
2354,1585,1583,1592,1595
2355,1539,1547,1550,1543
2356,1487,1481,1496,1487
2357,1444,1453,1470,1446
2358,1402,1406,1425,1411
2359,1329,1333,1345,1328
2360,1343,1329,1401,1364
2361,1396,1365,1452,1421
2362,1430,1406,1513,1460
2363,1500,1465,1590,1526
2364,1523,1502,1586,1541
2365,1491,1461,1545,1514
2366,1393,1351,1422,1399
2367,1411,1372,1460,1426
2368,1439,1411,1489,1450
2369,1300,1250,1366,1325
2370,1651,1627,1657,1652
2371,1710,1698,1718,1710
2372,1762,1747,1766,1757
2373,1749,1738,1755,1746
2374,1680,1676,1686,1677
2375,1583,1578,1588,1584
2376,1513,1498,1517,1504
2377,1483,1478,1482,1482
2378,1541,1529,1548,1541
2379,1429,1434,1432,1442
2380,1421,1412,1386,1422
2381,1456,1443,1353,1442
2382,1471,1470,1328,1466
2383,1453,1453,1387,1455
2384,1390,1385,1327,1395
2385,1353,1357,1289,1354
2386,1320,1322,1312,1317
2387,1301,1305,1347,1296
2388,1230,1228,1224,1234
2389,1115,1115,1074,1127
2390,1565,1563,1566,1555
2391,1608,1605,1608,1582
2392,1578,1574,1579,1571
2393,1539,1536,1540,1520
2394,1469,1465,1468,1453
2395,1467,1476,1472,1442
2396,1395,1404,1396,1372
2397,1291,1297,1296,1270
2398,1145,1148,1148,1117
2399,1021,1029,1024,1003
2400,1297,1306,1329,1293
2401,1335,1341,1354,1332
2402,1369,1369,1391,1365
2403,1426,1433,1454,1422
2404,1471,1471,1491,1465
2405,1455,1467,1494,1446
2406,1403,1403,1422,1399
2407,1388,1391,1404,1383
2408,1362,1366,1382,1352
2409,1355,1366,1390,1353
2410,1338,1322,1370,1349
2411,1408,1366,1439,1421
2412,1432,1405,1472,1446
2413,1403,1370,1432,1405
2414,1320,1307,1332,1320
2415,1303,1290,1317,1307
2416,1247,1233,1273,1253
2417,1201,1182,1227,1210
2418,1242,1190,1250,1239
2419,1090,1054,1139,1132
2420,1703,1701,1660,1694
2421,1669,1670,1638,1663
2422,1670,1667,1635,1662
2423,1618,1606,1570,1609
2424,1532,1524,1490,1529
2425,1514,1519,1496,1518
2426,1541,1537,1501,1542
2427,1442,1441,1413,1445
2428,1347,1344,1310,1346
2429,1204,1198,1125,1192
2430,1135,1099,1204,1163
2431,1197,1149,1288,1219
2432,1321,1287,1392,1333
2433,1239,1198,1371,1278
2434,1299,1260,1418,1322
2435,1300,1273,1381,1318
2436,1177,1172,1293,1198
2437,1132,1120,1207,1144
2438,1115,1093,1165,1113
2439,1077,1076,1118,1070
2440,1324,1325,1340,1293
2441,1397,1394,1404,1379
2442,1458,1452,1463,1439
2443,1485,1476,1483,1463
2444,1494,1478,1487,1471
2445,1495,1488,1494,1471
2446,1480,1470,1475,1461
2447,1424,1419,1425,1412
2448,1373,1371,1376,1366
2449,1311,1306,1308,1286
2450,1615,1612,1645,1619
2451,1583,1563,1611,1576
2452,1569,1554,1600,1563
2453,1491,1473,1509,1485
2454,1505,1479,1520,1485
2455,1482,1454,1487,1460
2456,1392,1369,1396,1376
2457,1276,1248,1290,1254
2458,1153,1136,1183,1146
2459,1036,1017,1065,1030
2460,1488,1479,1478,1480
2461,1505,1503,1506,1505
2462,1569,1574,1568,1573
2463,1521,1523,1534,1528
2464,1495,1503,1504,1505
2465,1427,1431,1434,1427
2466,1369,1360,1362,1360
2467,1416,1409,1403,1411
2468,1410,1398,1399,1409
2469,1324,1320,1312,1322
2470,1572,1564,1559,1553
2471,1536,1528,1538,1536
2472,1583,1563,1568,1563
2473,1587,1576,1585,1579
2474,1567,1553,1553,1546
2475,1496,1478,1476,1476
2476,1496,1483,1473,1472
2477,1497,1472,1471,1462
2478,1359,1343,1342,1339
2479,1240,1218,1226,1218
2480,1375,1375,1410,1396
2481,1419,1392,1465,1449
2482,1464,1448,1535,1509
2483,1529,1500,1605,1573
2484,1560,1538,1592,1583
2485,1465,1464,1520,1502
2486,1456,1467,1485,1477
2487,1433,1438,1466,1449
2488,1378,1374,1439,1422
2489,1305,1282,1338,1321
2490,1515,1534,1539,1513
2491,1560,1570,1580,1555
2492,1560,1563,1582,1562
2493,1517,1525,1545,1509
2494,1446,1450,1473,1449
2495,1401,1418,1416,1400
2496,1351,1374,1389,1344
2497,1327,1345,1354,1316
2498,1252,1262,1272,1233
2499,1170,1188,1181,1154
2500,1548,1513,1580,1569
2501,1500,1471,1530,1525
2502,1478,1445,1516,1510
2503,1502,1487,1522,1521
2504,1459,1440,1478,1475
2505,1339,1317,1372,1362
2506,1336,1322,1366,1360
2507,1340,1311,1367,1361
2508,1240,1217,1269,1263
2509,1132,1109,1165,1163
2510,1457,1461,1504,1489
2511,1447,1453,1507,1449
2512,1363,1369,1425,1396
2513,1380,1374,1429,1404
2514,1279,1294,1331,1319
2515,1270,1261,1300,1292
2516,1242,1240,1301,1289
2517,1222,1218,1242,1235
2518,1130,1124,1175,1151
2519,1015,1015,1053,1031
2520,1306,1298,1348,1341
2521,1327,1304,1363,1354
2522,1327,1308,1421,1388
2523,1363,1361,1439,1416
2524,1342,1344,1411,1397
2525,1336,1341,1359,1345
2526,1293,1292,1298,1292
2527,1282,1256,1273,1270
2528,1209,1169,1225,1216
2529,1093,1062,1111,1111
2530,1525,1526,1415,1525
2531,1533,1534,1449,1536
2532,1531,1533,1457,1528
2533,1487,1502,1459,1503
2534,1429,1433,1403,1423
2535,1414,1409,1380,1409
2536,1353,1349,1306,1349
2537,1298,1286,1258,1285
2538,1179,1176,1164,1170
2539,1083,1078,1043,1076
2540,1622,1616,1640,1621
2541,1635,1635,1661,1638
2542,1578,1573,1605,1585
2543,1518,1512,1539,1524
2544,1454,1456,1479,1465
2545,1441,1427,1455,1431
2546,1421,1416,1426,1412
2547,1350,1347,1353,1341
2548,1307,1307,1317,1310
2549,1232,1227,1229,1226
2550,1563,1563,1565,1579
2551,1584,1584,1590,1595
2552,1630,1628,1637,1632
2553,1591,1592,1597,1606
2554,1549,1552,1561,1570
2555,1479,1477,1483,1489
2556,1484,1482,1485,1490
2557,1514,1510,1514,1523
2558,1461,1462,1468,1468
2559,1399,1395,1395,1407
2560,1685,1663,1712,1704
2561,1619,1604,1628,1622
2562,1488,1483,1504,1502
2563,1497,1490,1522,1520
2564,1465,1447,1497,1514
2565,1411,1390,1433,1429
2566,1304,1288,1325,1321
2567,1199,1171,1223,1228
2568,986,943,1020,1025
2569,844,824,870,867
2570,1337,1341,1369,1349
2571,1369,1385,1408,1369
2572,1353,1359,1378,1341
2573,1280,1303,1315,1296
2574,1220,1215,1240,1237
2575,1157,1152,1167,1165
2576,1178,1177,1192,1172
2577,1135,1129,1161,1134
2578,1043,1046,1073,1033
2579,936,948,962,910
2580,1439,1413,1499,1494
2581,1523,1472,1539,1538
2582,1481,1399,1507,1501
2583,1380,1345,1433,1430
2584,1351,1315,1357,1350
2585,1353,1349,1348,1349
2586,1345,1332,1341,1347
2587,1392,1353,1366,1371
2588,1428,1389,1433,1439
2589,1433,1389,1462,1458
2590,1454,1451,1459,1473
2591,1419,1414,1421,1437
2592,1465,1449,1457,1487
2593,1435,1425,1433,1440
2594,1358,1355,1356,1357
2595,1370,1356,1367,1375
2596,1333,1323,1328,1343
2597,1317,1315,1323,1332
2598,1286,1272,1290,1298
2599,1191,1179,1189,1195
2600,1508,1475,1507,1505
2601,1538,1516,1538,1533
2602,1560,1539,1566,1565
2603,1590,1591,1605,1590
2604,1556,1529,1555,1553
2605,1479,1472,1482,1479
2606,1444,1433,1444,1442
2607,1348,1331,1344,1341
2608,1341,1328,1346,1344
2609,1409,1400,1410,1411
2610,1397,1393,1316,1398
2611,1465,1460,1418,1469
2612,1468,1466,1398,1472
2613,1506,1498,1486,1519
2614,1503,1492,1454,1501
2615,1447,1440,1430,1444
2616,1438,1430,1423,1442
2617,1455,1441,1431,1454
2618,1353,1337,1302,1360
2619,1193,1181,1170,1204
2620,1331,1300,1373,1343
2621,1412,1379,1468,1434
2622,1450,1420,1503,1486
2623,1513,1485,1553,1536
2624,1511,1472,1550,1525
2625,1492,1459,1529,1508
2626,1460,1447,1480,1471
2627,1390,1368,1430,1404
2628,1385,1376,1423,1407
2629,1321,1300,1360,1335
2630,1315,1322,1406,1341
2631,1319,1334,1456,1354
2632,1388,1406,1469,1421
2633,1427,1431,1497,1432
2634,1311,1312,1371,1311
2635,1299,1311,1350,1319
2636,1304,1315,1361,1312
2637,1316,1319,1410,1352
2638,1178,1195,1323,1215
2639,1107,1105,1210,1113
2640,1347,1341,1396,1349
2641,1393,1391,1462,1409
2642,1407,1396,1464,1433
2643,1445,1443,1523,1466
2644,1464,1450,1553,1486
2645,1450,1454,1510,1458
2646,1422,1405,1464,1433
2647,1402,1403,1438,1403
2648,1392,1390,1429,1398
2649,1363,1360,1418,1378
